Fecha,Perfil,Tipo de Alimento,Cantidad Consumida (gr),Gasto Diario ($)
2024-01-01,Perro Max,Brit Care,485,70.35964386088092
2024-01-01,Gato Luna,Brit Care,121,13.293767658784141
2024-01-01,Perro Coco,Brit Care,171,11.217506297749065
2024-01-01,Gato Simba,Brit Care,137,11.421807972604599
2024-01-02,Perro Max,Brit Care,199,11.072590422639296
2024-01-02,Gato Luna,Beneful,343,17.17671166834679
2024-01-02,Perro Coco,Pedigri,210,16.88908710215029
2024-01-02,Gato Simba,Beneful,302,28.144739562991894
2024-01-03,Perro Max,Pedigri,108,9.71849849452476
2024-01-03,Gato Luna,Brit Care,239,14.115493785334417
2024-01-03,Perro Coco,Beneful,100,8.824619912671627
2024-01-03,Gato Simba,Pedigri,180,24.478927321253767
2024-01-04,Perro Max,Brit Care,70,6.6534947637868
2024-01-04,Gato Luna,Beneful,437,63.02421672342806
2024-01-04,Perro Coco,Beneful,291,25.765620223911558
2024-01-04,Gato Simba,Beneful,102,7.455117021345919
2024-01-05,Perro Max,Brit Care,493,30.6664849778476
2024-01-05,Gato Luna,Pedigri,313,16.726360710906338
2024-01-05,Perro Coco,Beneful,130,9.86413976080022
2024-01-05,Gato Simba,Beneful,439,31.078638999913487
2024-01-06,Perro Max,Beneful,240,32.21483459027996
2024-01-06,Gato Luna,Beneful,251,35.01016649573398
2024-01-06,Perro Coco,Beneful,400,56.87496940092467
2024-01-06,Gato Simba,Beneful,264,26.950024464681743
2024-01-07,Perro Max,Beneful,345,46.38641777939622
2024-01-07,Gato Luna,Pedigri,387,40.23608552345739
2024-01-07,Perro Coco,Beneful,266,20.772857957684327
2024-01-07,Gato Simba,Pedigri,90,7.166461551336741
2024-01-08,Perro Max,Pedigri,114,5.878255036849611
2024-01-08,Gato Luna,Pedigri,393,35.168843664299885
2024-01-08,Perro Coco,Brit Care,188,13.138237196869536
2024-01-08,Gato Simba,Brit Care,468,59.49545222490226
2024-01-09,Perro Max,Pedigri,280,32.230156714054445
2024-01-09,Gato Luna,Brit Care,250,28.08245317068895
2024-01-09,Perro Coco,Beneful,82,4.6211784723453935
2024-01-09,Gato Simba,Brit Care,111,9.159534874496893
2024-01-10,Perro Max,Brit Care,221,25.140020116950208
2024-01-10,Gato Luna,Brit Care,84,8.166605371360374
2024-01-10,Perro Coco,Pedigri,480,58.23574978670376
2024-01-10,Gato Simba,Pedigri,54,5.7308968668752795
2024-01-11,Perro Max,Brit Care,447,44.422663157488266
2024-01-11,Gato Luna,Pedigri,256,23.74505006997887
2024-01-11,Perro Coco,Beneful,429,26.07854221801276
2024-01-11,Gato Simba,Brit Care,401,45.57005749167759
2024-01-12,Perro Max,Pedigri,145,17.334983253178848
2024-01-12,Gato Luna,Pedigri,456,50.36143249506846
2024-01-12,Perro Coco,Brit Care,220,15.467346944164927
2024-01-12,Gato Simba,Pedigri,209,22.9662882496104
2024-01-13,Perro Max,Brit Care,135,18.636315826705975
2024-01-13,Gato Luna,Beneful,94,7.4789566468745114
2024-01-13,Perro Coco,Pedigri,183,17.504582639837256
2024-01-13,Gato Simba,Beneful,495,51.44744097482471
2024-01-14,Perro Max,Beneful,397,33.995024171655906
2024-01-14,Gato Luna,Beneful,274,21.156423633139006
2024-01-14,Perro Coco,Brit Care,495,24.775758661268135
2024-01-14,Gato Simba,Pedigri,282,22.694831480056422
2024-01-15,Perro Max,Beneful,460,42.200906144843835
2024-01-15,Gato Luna,Pedigri,274,16.98431106494291
2024-01-15,Perro Coco,Brit Care,364,29.964586725555492
2024-01-15,Gato Simba,Pedigri,229,19.777117894485833
2024-01-16,Perro Max,Pedigri,491,71.80616218165767
2024-01-16,Gato Luna,Beneful,344,34.30534860269806
2024-01-16,Perro Coco,Pedigri,150,11.772607415662014
2024-01-16,Gato Simba,Pedigri,236,26.185718281925567
2024-01-17,Perro Max,Beneful,269,14.834778408624715
2024-01-17,Gato Luna,Pedigri,273,38.445658686889644
2024-01-17,Perro Coco,Brit Care,175,11.285660261596405
2024-01-17,Gato Simba,Beneful,209,22.005465561590754
2024-01-18,Perro Max,Brit Care,373,21.66582907221028
2024-01-18,Gato Luna,Brit Care,450,55.26973568753368
2024-01-18,Perro Coco,Pedigri,421,62.45211423167289
2024-01-18,Gato Simba,Beneful,444,58.44957517094064
2024-01-19,Perro Max,Pedigri,250,20.519501624293397
2024-01-19,Gato Luna,Beneful,398,54.06268043158604
2024-01-19,Perro Coco,Brit Care,469,24.227969176716453
2024-01-19,Gato Simba,Brit Care,196,16.633853350917896
2024-01-20,Perro Max,Brit Care,357,51.42668054227885
2024-01-20,Gato Luna,Brit Care,387,51.76938109861359
2024-01-20,Perro Coco,Brit Care,490,30.060202540788865
2024-01-20,Gato Simba,Brit Care,464,63.90854599687751
2024-01-21,Perro Max,Brit Care,312,36.19150223626639
2024-01-21,Gato Luna,Beneful,161,16.988733066751344
2024-01-21,Perro Coco,Pedigri,51,7.630893868765414
2024-01-21,Gato Simba,Beneful,189,20.001746273174145
2024-01-22,Perro Max,Brit Care,58,4.517453845034654
2024-01-22,Gato Luna,Brit Care,353,47.53713832101219
2024-01-22,Perro Coco,Beneful,169,23.45331466906022
2024-01-22,Gato Simba,Brit Care,162,10.718385168332743
2024-01-23,Perro Max,Beneful,153,16.928364612791725
2024-01-23,Gato Luna,Brit Care,161,9.683691840143117
2024-01-23,Perro Coco,Brit Care,202,10.202243993693617
2024-01-23,Gato Simba,Beneful,387,38.14325226378697
2024-01-24,Perro Max,Brit Care,257,38.40755678909809
2024-01-24,Gato Luna,Pedigri,117,8.62581432371256
2024-01-24,Perro Coco,Pedigri,353,44.00114660066625
2024-01-24,Gato Simba,Brit Care,244,28.245754572128376
2024-01-25,Perro Max,Pedigri,225,13.357682276132081
2024-01-25,Gato Luna,Brit Care,424,31.81958110887677
2024-01-25,Perro Coco,Beneful,87,12.866367866992578
2024-01-25,Gato Simba,Brit Care,487,68.47701096189357
2024-01-26,Perro Max,Brit Care,275,23.377156211603584
2024-01-26,Gato Luna,Pedigri,333,38.92517118678122
2024-01-26,Perro Coco,Pedigri,366,36.57047770378193
2024-01-26,Gato Simba,Brit Care,241,27.605882331362743
2024-01-27,Perro Max,Pedigri,221,31.834134714199408
2024-01-27,Gato Luna,Pedigri,95,13.44121170709426
2024-01-27,Perro Coco,Brit Care,429,22.113088849088413
2024-01-27,Gato Simba,Pedigri,351,51.4795841484328
2024-01-28,Perro Max,Brit Care,237,32.06632409457643
2024-01-28,Gato Luna,Brit Care,302,26.729951403778145
2024-01-28,Perro Coco,Brit Care,210,17.15536210828183
2024-01-28,Gato Simba,Beneful,330,29.52481840471258
2024-01-29,Perro Max,Beneful,107,15.3011801324759
2024-01-29,Gato Luna,Beneful,329,23.323425809545352
2024-01-29,Perro Coco,Brit Care,391,33.573089148680005
2024-01-29,Gato Simba,Brit Care,204,16.22392800374635
2024-01-30,Perro Max,Beneful,322,43.42716739657452
2024-01-30,Gato Luna,Pedigri,348,42.070102692472126
2024-01-30,Perro Coco,Brit Care,219,28.675009304979444
2024-01-30,Gato Simba,Brit Care,355,48.53106730959368
2024-01-31,Perro Max,Pedigri,365,36.91399755842423
2024-01-31,Gato Luna,Pedigri,85,11.035509021217589
2024-01-31,Perro Coco,Pedigri,313,37.62156325816611
2024-01-31,Gato Simba,Beneful,420,35.195796587764505
2024-02-01,Perro Max,Beneful,371,34.817389963971024
2024-02-01,Gato Luna,Brit Care,391,32.38076929826202
2024-02-01,Perro Coco,Beneful,112,16.59661794907795
2024-02-01,Gato Simba,Beneful,363,49.38268764471381
2024-02-02,Perro Max,Pedigri,229,12.339315418433792
2024-02-02,Gato Luna,Brit Care,103,10.68194900012555
2024-02-02,Perro Coco,Pedigri,313,39.75079821198651
2024-02-02,Gato Simba,Pedigri,152,8.897281467905273
2024-02-03,Perro Max,Pedigri,421,38.36799940288616
2024-02-03,Gato Luna,Brit Care,360,22.980711327040847
2024-02-03,Perro Coco,Pedigri,419,42.582984593820086
2024-02-03,Gato Simba,Beneful,196,25.385649417466595
2024-02-04,Perro Max,Brit Care,324,30.422674030862606
2024-02-04,Gato Luna,Brit Care,395,20.751354364910572
2024-02-04,Perro Coco,Pedigri,367,49.03047042279795
2024-02-04,Gato Simba,Pedigri,445,40.44840602643501
2024-02-05,Perro Max,Beneful,171,11.225073429675572
2024-02-05,Gato Luna,Beneful,145,15.213786638238746
2024-02-05,Perro Coco,Pedigri,286,22.306109452653963
2024-02-05,Gato Simba,Pedigri,241,25.409932665524757
2024-02-06,Perro Max,Beneful,398,36.600082484626036
2024-02-06,Gato Luna,Beneful,193,12.711876439500077
2024-02-06,Perro Coco,Beneful,234,19.699984201163797
2024-02-06,Gato Simba,Pedigri,96,5.190996502262114
2024-02-07,Perro Max,Beneful,495,59.581064039311165
2024-02-07,Gato Luna,Beneful,481,62.862514196142484
2024-02-07,Perro Coco,Pedigri,303,28.295704971910585
2024-02-07,Gato Simba,Brit Care,299,33.36391793176127
2024-02-08,Perro Max,Pedigri,149,8.125029745603465
2024-02-08,Gato Luna,Brit Care,443,49.87559426614067
2024-02-08,Perro Coco,Beneful,145,19.669102697230674
2024-02-08,Gato Simba,Pedigri,53,5.9140111712665435
2024-02-09,Perro Max,Brit Care,307,16.16389723362779
2024-02-09,Gato Luna,Brit Care,389,41.83594551937169
2024-02-09,Perro Coco,Beneful,212,24.23771023097789
2024-02-09,Gato Simba,Pedigri,494,51.653469392207185
2024-02-10,Perro Max,Pedigri,317,28.089453618284544
2024-02-10,Gato Luna,Pedigri,217,30.496108930446578
2024-02-10,Perro Coco,Pedigri,446,31.870674738993486
2024-02-10,Gato Simba,Beneful,435,23.444896255495166
2024-02-11,Perro Max,Beneful,84,7.027055405065302
2024-02-11,Gato Luna,Beneful,313,27.712914236222186
2024-02-11,Perro Coco,Beneful,139,11.684681515552937
2024-02-11,Gato Simba,Brit Care,154,15.338976796118454
2024-02-12,Perro Max,Beneful,163,18.401768402512108
2024-02-12,Gato Luna,Pedigri,425,52.49051936166514
2024-02-12,Perro Coco,Pedigri,298,31.229562120793
2024-02-12,Gato Simba,Pedigri,457,59.72234758451397
2024-02-13,Perro Max,Pedigri,148,13.506741618289112
2024-02-13,Gato Luna,Beneful,145,12.191651333668759
2024-02-13,Perro Coco,Beneful,273,37.08466812531422
2024-02-13,Gato Simba,Pedigri,232,29.020208772762743
2024-02-14,Perro Max,Pedigri,404,24.366204300971678
2024-02-14,Gato Luna,Pedigri,418,42.019549168320424
2024-02-14,Perro Coco,Pedigri,391,31.187535323314055
2024-02-14,Gato Simba,Brit Care,226,12.508767706490538
2024-02-15,Perro Max,Pedigri,282,37.98943666349563
2024-02-15,Gato Luna,Pedigri,333,48.287063502791796
2024-02-15,Perro Coco,Brit Care,416,24.264631505722804
2024-02-15,Gato Simba,Pedigri,148,16.31612570333656
2024-02-16,Perro Max,Brit Care,102,13.174106246003653
2024-02-16,Gato Luna,Pedigri,88,5.202613706828475
2024-02-16,Perro Coco,Beneful,235,13.102630860391141
2024-02-16,Gato Simba,Brit Care,171,16.100171573484747
2024-02-17,Perro Max,Brit Care,270,22.974705338906123
2024-02-17,Gato Luna,Beneful,288,18.518160443121673
2024-02-17,Perro Coco,Beneful,491,54.904506908828424
2024-02-17,Gato Simba,Pedigri,279,16.29657989060843
2024-02-18,Perro Max,Pedigri,217,12.428957238103001
2024-02-18,Gato Luna,Beneful,332,40.04724194159567
2024-02-18,Perro Coco,Pedigri,78,4.561734169864497
2024-02-18,Gato Simba,Brit Care,185,16.174009721488225
2024-02-19,Perro Max,Pedigri,391,51.33046307976836
2024-02-19,Gato Luna,Brit Care,376,55.87363999973995
2024-02-19,Perro Coco,Beneful,301,17.56337157262993
2024-02-19,Gato Simba,Pedigri,413,43.71209551408875
2024-02-20,Perro Max,Brit Care,251,35.29949506587787
2024-02-20,Gato Luna,Brit Care,175,17.370939325090035
2024-02-20,Perro Coco,Pedigri,291,28.188024682029074
2024-02-20,Gato Simba,Beneful,197,12.190712950481018
2024-02-21,Perro Max,Pedigri,432,49.64588505141394
2024-02-21,Gato Luna,Pedigri,436,47.23487815823616
2024-02-21,Perro Coco,Beneful,240,23.465157381125465
2024-02-21,Gato Simba,Pedigri,361,37.12416137882925
2024-02-22,Perro Max,Pedigri,183,23.82859925718923
2024-02-22,Gato Luna,Pedigri,209,22.070505307630018
2024-02-22,Perro Coco,Brit Care,198,10.75933550930382
2024-02-22,Gato Simba,Pedigri,252,35.76171602502222
2024-02-23,Perro Max,Brit Care,196,28.79832969813434
2024-02-23,Gato Luna,Beneful,96,10.842226926098519
2024-02-23,Perro Coco,Beneful,192,18.327188443541246
2024-02-23,Gato Simba,Pedigri,103,11.168437412807933
2024-02-24,Perro Max,Brit Care,490,69.3474627417862
2024-02-24,Gato Luna,Beneful,273,15.229684408785413
2024-02-24,Perro Coco,Beneful,457,51.190059719530225
2024-02-24,Gato Simba,Beneful,397,45.52987995824833
2024-02-25,Perro Max,Beneful,365,39.55344808255683
2024-02-25,Gato Luna,Pedigri,90,6.839548765688364
2024-02-25,Perro Coco,Brit Care,496,51.39037977066837
2024-02-25,Gato Simba,Pedigri,261,28.78260712080809
2024-02-26,Perro Max,Pedigri,446,62.92735242842538
2024-02-26,Gato Luna,Pedigri,439,63.646216193515464
2024-02-26,Perro Coco,Pedigri,352,49.95501462461169
2024-02-26,Gato Simba,Beneful,361,49.69747964192111
2024-02-27,Perro Max,Brit Care,414,27.52413841107184
2024-02-27,Gato Luna,Pedigri,423,55.436405892071534
2024-02-27,Perro Coco,Brit Care,226,19.814300720597462
2024-02-27,Gato Simba,Beneful,112,10.001481828563222
2024-02-28,Perro Max,Brit Care,332,35.49350477630282
2024-02-28,Gato Luna,Pedigri,147,7.891281454249074
2024-02-28,Perro Coco,Brit Care,434,22.293363273491682
2024-02-28,Gato Simba,Brit Care,55,6.554429184429016
2024-02-29,Perro Max,Pedigri,400,49.99642997879887
2024-02-29,Gato Luna,Brit Care,486,52.73826727101794
2024-02-29,Perro Coco,Pedigri,214,26.901537723708557
2024-02-29,Gato Simba,Brit Care,194,14.377045747194856
2024-03-01,Perro Max,Pedigri,415,31.184861239739636
2024-03-01,Gato Luna,Pedigri,254,17.963582284804634
2024-03-01,Perro Coco,Pedigri,418,52.54256372479915
2024-03-01,Gato Simba,Beneful,397,30.516297536404704
2024-03-02,Perro Max,Brit Care,203,20.262753288911625
2024-03-02,Gato Luna,Beneful,167,22.23390388404377
2024-03-02,Perro Coco,Beneful,317,41.72942780625407
2024-03-02,Gato Simba,Pedigri,271,35.00826344962705
2024-03-03,Perro Max,Pedigri,161,15.778740068997449
2024-03-03,Gato Luna,Brit Care,256,32.88750755697433
2024-03-03,Perro Coco,Beneful,115,15.00801367647266
2024-03-03,Gato Simba,Brit Care,471,52.62312083978245
2024-03-04,Perro Max,Beneful,343,38.00741323928666
2024-03-04,Gato Luna,Beneful,335,35.33632288616456
2024-03-04,Perro Coco,Brit Care,496,60.829292819451325
2024-03-04,Gato Simba,Pedigri,215,20.444574619446243
2024-03-05,Perro Max,Brit Care,79,8.864484931800199
2024-03-05,Gato Luna,Brit Care,130,18.843768107549344
2024-03-05,Perro Coco,Beneful,233,31.270729969935935
2024-03-05,Gato Simba,Pedigri,389,37.31038091766837
2024-03-06,Perro Max,Beneful,311,30.870422723178244
2024-03-06,Gato Luna,Pedigri,175,19.8345149505427
2024-03-06,Perro Coco,Brit Care,420,43.56506350199095
2024-03-06,Gato Simba,Brit Care,232,25.166573658020365
2024-03-07,Perro Max,Brit Care,423,50.66133836738022
2024-03-07,Gato Luna,Pedigri,244,33.533349558447775
2024-03-07,Perro Coco,Brit Care,142,20.918166959635478
2024-03-07,Gato Simba,Pedigri,171,12.37781902699808
2024-03-08,Perro Max,Pedigri,54,4.563446190240889
2024-03-08,Gato Luna,Beneful,366,19.464051342357045
2024-03-08,Perro Coco,Beneful,50,5.172117518662615
2024-03-08,Gato Simba,Beneful,95,8.210563679956717
2024-03-09,Perro Max,Beneful,267,31.783541924404055
2024-03-09,Gato Luna,Pedigri,331,43.01048420388931
2024-03-09,Perro Coco,Pedigri,263,15.300262540255332
2024-03-09,Gato Simba,Beneful,156,22.165609448296284
2024-03-10,Perro Max,Pedigri,386,29.987477218482063
2024-03-10,Gato Luna,Pedigri,57,7.115080235186852
2024-03-10,Perro Coco,Pedigri,229,16.244099504410666
2024-03-10,Gato Simba,Brit Care,105,10.337491344505723
2024-03-11,Perro Max,Beneful,77,6.690635024687248
2024-03-11,Gato Luna,Beneful,414,23.2809324079654
2024-03-11,Perro Coco,Brit Care,361,22.855521122007964
2024-03-11,Gato Simba,Brit Care,160,21.511050762138062
2024-03-12,Perro Max,Brit Care,288,15.277597998727513
2024-03-12,Gato Luna,Beneful,343,35.418772239407296
2024-03-12,Perro Coco,Brit Care,241,18.538761865880083
2024-03-12,Gato Simba,Pedigri,77,4.004548222888493
2024-03-13,Perro Max,Pedigri,322,22.908625825288738
2024-03-13,Gato Luna,Beneful,175,10.845837306836897
2024-03-13,Perro Coco,Pedigri,62,6.780273212035102
2024-03-13,Gato Simba,Beneful,116,13.326344947382282
2024-03-14,Perro Max,Beneful,160,17.347191755426707
2024-03-14,Gato Luna,Beneful,83,8.77926080738863
2024-03-14,Perro Coco,Pedigri,285,17.886038629673564
2024-03-14,Gato Simba,Pedigri,150,12.946234445979526
2024-03-15,Perro Max,Beneful,369,39.511719442282846
2024-03-15,Gato Luna,Brit Care,414,34.376427125029835
2024-03-15,Perro Coco,Pedigri,338,17.15466147393173
2024-03-15,Gato Simba,Pedigri,247,21.374313445949227
2024-03-16,Perro Max,Beneful,380,22.33972973252547
2024-03-16,Gato Luna,Beneful,144,8.001410246740445
2024-03-16,Perro Coco,Pedigri,296,16.32841014508558
2024-03-16,Gato Simba,Brit Care,89,10.652957015061151
2024-03-17,Perro Max,Brit Care,55,4.938205794751579
2024-03-17,Gato Luna,Brit Care,53,2.6780900339073086
2024-03-17,Perro Coco,Beneful,418,41.413298973017184
2024-03-17,Gato Simba,Beneful,484,63.92969530062226
2024-03-18,Perro Max,Beneful,384,39.745410510524565
2024-03-18,Gato Luna,Beneful,484,64.78739584120703
2024-03-18,Perro Coco,Pedigri,375,55.04977749390878
2024-03-18,Gato Simba,Brit Care,261,26.298630883664277
2024-03-19,Perro Max,Pedigri,189,11.620415987570947
2024-03-19,Gato Luna,Beneful,191,15.062843566888883
2024-03-19,Perro Coco,Pedigri,431,28.20303302831812
2024-03-19,Gato Simba,Pedigri,308,16.99616493413075
2024-03-20,Perro Max,Beneful,59,6.186758395835104
2024-03-20,Gato Luna,Beneful,221,15.508243217498213
2024-03-20,Perro Coco,Beneful,133,10.03672070835806
2024-03-20,Gato Simba,Pedigri,378,47.63661310383015
2024-03-21,Perro Max,Brit Care,448,43.526613247047095
2024-03-21,Gato Luna,Brit Care,468,39.72703487421218
2024-03-21,Perro Coco,Pedigri,118,15.701309011895205
2024-03-21,Gato Simba,Beneful,383,54.881527969928264
2024-03-22,Perro Max,Brit Care,186,13.113033666990212
2024-03-22,Gato Luna,Brit Care,84,11.982175158153575
2024-03-22,Perro Coco,Beneful,109,14.625933666665166
2024-03-22,Gato Simba,Brit Care,410,51.270578915377854
2024-03-23,Perro Max,Beneful,340,22.58503712965376
2024-03-23,Gato Luna,Pedigri,388,45.209652163012564
2024-03-23,Perro Coco,Beneful,111,9.533018373770878
2024-03-23,Gato Simba,Pedigri,91,8.121250477545983
2024-03-24,Perro Max,Brit Care,153,13.417249770201087
2024-03-24,Gato Luna,Brit Care,174,13.943975010456073
2024-03-24,Perro Coco,Brit Care,112,11.230468369035766
2024-03-24,Gato Simba,Pedigri,194,27.151746721526628
2024-03-25,Perro Max,Brit Care,499,52.07328776958803
2024-03-25,Gato Luna,Brit Care,88,5.428702758233603
2024-03-25,Perro Coco,Beneful,116,13.081413415628447
2024-03-25,Gato Simba,Beneful,497,33.13651877167114
2024-03-26,Perro Max,Brit Care,206,20.50572670392169
2024-03-26,Gato Luna,Beneful,280,30.048223779206882
2024-03-26,Perro Coco,Pedigri,87,10.895907144337755
2024-03-26,Gato Simba,Pedigri,460,57.22152945834314
2024-03-27,Perro Max,Beneful,245,26.212297279347258
2024-03-27,Gato Luna,Beneful,54,7.434534438513446
2024-03-27,Perro Coco,Pedigri,167,22.064996988022614
2024-03-27,Gato Simba,Brit Care,352,47.39512066905504
2024-03-28,Perro Max,Brit Care,206,21.421129124524434
2024-03-28,Gato Luna,Pedigri,96,8.725969700020736
2024-03-28,Perro Coco,Pedigri,179,9.168434994492998
2024-03-28,Gato Simba,Brit Care,292,31.112843741830833
2024-03-29,Perro Max,Beneful,348,38.24622189425096
2024-03-29,Gato Luna,Brit Care,303,42.676052008408945
2024-03-29,Perro Coco,Beneful,183,16.48558092677461
2024-03-29,Gato Simba,Brit Care,395,57.1676919146667
2024-03-30,Perro Max,Beneful,190,12.143207688718176
2024-03-30,Gato Luna,Beneful,160,19.617529376998412
2024-03-30,Perro Coco,Brit Care,405,57.459396151560235
2024-03-30,Gato Simba,Pedigri,425,22.228460703474596
2024-03-31,Perro Max,Brit Care,155,19.704323362055938
2024-03-31,Gato Luna,Brit Care,427,24.292949730980244
2024-03-31,Perro Coco,Brit Care,78,4.713126335204114
2024-03-31,Gato Simba,Pedigri,263,37.10104701412525
2024-04-01,Perro Max,Pedigri,351,25.83030181428735
2024-04-01,Gato Luna,Beneful,159,10.912501983956519
2024-04-01,Perro Coco,Brit Care,362,30.12370013810879
2024-04-01,Gato Simba,Beneful,104,7.564914457121971
2024-04-02,Perro Max,Brit Care,198,17.410252828033865
2024-04-02,Gato Luna,Pedigri,186,13.123784435786856
2024-04-02,Perro Coco,Pedigri,166,18.321777426720306
2024-04-02,Gato Simba,Brit Care,112,10.24245134308063
2024-04-03,Perro Max,Beneful,124,17.64470687430121
2024-04-03,Gato Luna,Brit Care,259,25.403677732507006
2024-04-03,Perro Coco,Brit Care,66,7.1746502793013445
2024-04-03,Gato Simba,Brit Care,413,58.346552816908016
2024-04-04,Perro Max,Beneful,201,21.6604022772401
2024-04-04,Gato Luna,Beneful,393,31.89089562551737
2024-04-04,Perro Coco,Pedigri,112,8.708976333449483
2024-04-04,Gato Simba,Beneful,205,14.609956078995138
2024-04-05,Perro Max,Pedigri,386,56.39731425432097
2024-04-05,Gato Luna,Pedigri,197,18.01809523742237
2024-04-05,Perro Coco,Brit Care,238,16.290216339768776
2024-04-05,Gato Simba,Brit Care,306,24.784069943819496
2024-04-06,Perro Max,Beneful,264,24.467227100890184
2024-04-06,Gato Luna,Brit Care,367,25.878624805689665
2024-04-06,Perro Coco,Pedigri,354,18.99385824182256
2024-04-06,Gato Simba,Beneful,193,20.5514338719685
2024-04-07,Perro Max,Beneful,306,39.031145070867325
2024-04-07,Gato Luna,Brit Care,243,25.137278157551098
2024-04-07,Perro Coco,Pedigri,163,16.25129476578636
2024-04-07,Gato Simba,Brit Care,368,22.18971843939241
2024-04-08,Perro Max,Pedigri,104,15.039600806189778
2024-04-08,Gato Luna,Beneful,415,42.60300636636069
2024-04-08,Perro Coco,Pedigri,136,20.11346752437707
2024-04-08,Gato Simba,Beneful,440,50.99265344404666
2024-04-09,Perro Max,Pedigri,362,26.13539226197277
2024-04-09,Gato Luna,Brit Care,492,49.47098765201686
2024-04-09,Perro Coco,Beneful,298,38.73749934412105
2024-04-09,Gato Simba,Brit Care,100,11.527461078518748
2024-04-10,Perro Max,Brit Care,313,18.762515593367503
2024-04-10,Gato Luna,Beneful,337,45.68697097518182
2024-04-10,Perro Coco,Brit Care,449,40.28354047986862
2024-04-10,Gato Simba,Pedigri,231,16.285137224105465
2024-04-11,Perro Max,Brit Care,360,50.26808946676031
2024-04-11,Gato Luna,Brit Care,379,22.19077331938434
2024-04-11,Perro Coco,Brit Care,134,7.0555315319091845
2024-04-11,Gato Simba,Pedigri,452,48.95347855583009
2024-04-12,Perro Max,Beneful,51,7.19418241805555
2024-04-12,Gato Luna,Pedigri,453,37.86472332888753
2024-04-12,Perro Coco,Brit Care,435,37.54307573048644
2024-04-12,Gato Simba,Brit Care,445,59.21412554215362
2024-04-13,Perro Max,Pedigri,471,59.99760604278313
2024-04-13,Gato Luna,Pedigri,275,37.42937054930484
2024-04-13,Perro Coco,Brit Care,391,50.038568094212
2024-04-13,Gato Simba,Pedigri,251,26.750993161160668
2024-04-14,Perro Max,Brit Care,264,34.316178757009126
2024-04-14,Gato Luna,Pedigri,419,21.89146401861292
2024-04-14,Perro Coco,Beneful,58,6.041478445033028
2024-04-14,Gato Simba,Pedigri,330,25.010293619295677
2024-04-15,Perro Max,Beneful,327,43.65221874333708
2024-04-15,Gato Luna,Beneful,491,68.76809999070655
2024-04-15,Perro Coco,Beneful,264,31.23605381016071
2024-04-15,Gato Simba,Beneful,195,20.07840273377408
2024-04-16,Perro Max,Beneful,405,40.42267551719573
2024-04-16,Gato Luna,Beneful,66,5.974637380982746
2024-04-16,Perro Coco,Beneful,427,52.10265023569903
2024-04-16,Gato Simba,Pedigri,411,26.304761938944456
2024-04-17,Perro Max,Brit Care,362,27.747241840025936
2024-04-17,Gato Luna,Brit Care,217,16.290855334186674
2024-04-17,Perro Coco,Pedigri,358,24.178291774719497
2024-04-17,Gato Simba,Pedigri,450,41.34467362014328
2024-04-18,Perro Max,Beneful,171,15.766816618316755
2024-04-18,Gato Luna,Beneful,359,44.4454068297067
2024-04-18,Perro Coco,Brit Care,230,25.372498517726928
2024-04-18,Gato Simba,Beneful,78,6.936505789527417
2024-04-19,Perro Max,Brit Care,213,25.96567778042443
2024-04-19,Gato Luna,Brit Care,281,29.96597039234281
2024-04-19,Perro Coco,Beneful,104,12.10218011977154
2024-04-19,Gato Simba,Beneful,455,56.082030423066385
2024-04-20,Perro Max,Pedigri,299,15.882375738332414
2024-04-20,Gato Luna,Brit Care,276,37.0262186245572
2024-04-20,Perro Coco,Pedigri,495,72.03419747981222
2024-04-20,Gato Simba,Brit Care,250,31.77280509364555
2024-04-21,Perro Max,Pedigri,122,7.016680937176868
2024-04-21,Gato Luna,Pedigri,178,17.719745428470333
2024-04-21,Perro Coco,Brit Care,153,14.302858280637317
2024-04-21,Gato Simba,Brit Care,340,44.84947880092278
2024-04-22,Perro Max,Pedigri,157,18.7567345924145
2024-04-22,Gato Luna,Beneful,151,16.462483069723213
2024-04-22,Perro Coco,Brit Care,150,8.873731099899512
2024-04-22,Gato Simba,Brit Care,354,22.543379534531233
2024-04-23,Perro Max,Beneful,106,10.02766119335433
2024-04-23,Gato Luna,Brit Care,61,6.3555957790079844
2024-04-23,Perro Coco,Brit Care,313,35.649115760962395
2024-04-23,Gato Simba,Pedigri,264,32.31632789281086
2024-04-24,Perro Max,Beneful,249,18.66673342059373
2024-04-24,Gato Luna,Pedigri,317,22.862339305681388
2024-04-24,Perro Coco,Beneful,414,48.43458303237162
2024-04-24,Gato Simba,Beneful,65,9.264114063201827
2024-04-25,Perro Max,Brit Care,331,35.348987131292034
2024-04-25,Gato Luna,Beneful,440,23.493623057775153
2024-04-25,Perro Coco,Pedigri,56,4.465154441286284
2024-04-25,Gato Simba,Beneful,364,52.57130020372899
2024-04-26,Perro Max,Beneful,272,37.04756010690933
2024-04-26,Gato Luna,Brit Care,451,46.11179938080972
2024-04-26,Perro Coco,Brit Care,322,37.03538868427195
2024-04-26,Gato Simba,Brit Care,157,9.742900106703278
2024-04-27,Perro Max,Beneful,180,21.533197965806515
2024-04-27,Gato Luna,Beneful,232,20.984062432618938
2024-04-27,Perro Coco,Brit Care,64,8.345452668165745
2024-04-27,Gato Simba,Pedigri,458,56.69379412431885
2024-04-28,Perro Max,Pedigri,65,6.024310868256618
2024-04-28,Gato Luna,Beneful,499,26.16759899967125
2024-04-28,Perro Coco,Beneful,83,4.326536110058213
2024-04-28,Gato Simba,Brit Care,318,32.72020086206534
2024-04-29,Perro Max,Brit Care,428,64.11157993082684
2024-04-29,Gato Luna,Pedigri,495,29.1328988253741
2024-04-29,Perro Coco,Beneful,294,28.80557100958124
2024-04-29,Gato Simba,Brit Care,426,54.02844743062847
2024-04-30,Perro Max,Pedigri,408,41.71878301868854
2024-04-30,Gato Luna,Pedigri,226,13.79671495676952
2024-04-30,Perro Coco,Beneful,425,33.45765714529848
2024-04-30,Gato Simba,Beneful,495,53.91087245630929
2024-05-01,Perro Max,Pedigri,486,72.30330814117113
2024-05-01,Gato Luna,Pedigri,448,39.61783379275374
2024-05-01,Perro Coco,Brit Care,342,43.99299949301188
2024-05-01,Gato Simba,Brit Care,429,39.36421528117342
2024-05-02,Perro Max,Brit Care,351,38.63802547012115
2024-05-02,Gato Luna,Beneful,382,56.88686355487031
2024-05-02,Perro Coco,Brit Care,101,5.706362735777231
2024-05-02,Gato Simba,Pedigri,112,8.182374993016213
2024-05-03,Perro Max,Brit Care,415,30.322797186286987
2024-05-03,Gato Luna,Beneful,362,26.081600768340348
2024-05-03,Perro Coco,Pedigri,308,40.847135430454145
2024-05-03,Gato Simba,Pedigri,310,35.023115612880744
2024-05-04,Perro Max,Brit Care,226,23.01268428688646
2024-05-04,Gato Luna,Beneful,290,19.542962227365134
2024-05-04,Perro Coco,Beneful,468,58.88556066295147
2024-05-04,Gato Simba,Beneful,194,12.685580582993188
2024-05-05,Perro Max,Brit Care,318,23.01740015135941
2024-05-05,Gato Luna,Brit Care,138,15.082571100815505
2024-05-05,Perro Coco,Beneful,406,24.01436559834885
2024-05-05,Gato Simba,Pedigri,489,37.43784208258773
2024-05-06,Perro Max,Pedigri,186,10.125405941718205
2024-05-06,Gato Luna,Beneful,381,20.399592236746567
2024-05-06,Perro Coco,Brit Care,89,12.74114644603901
2024-05-06,Gato Simba,Brit Care,492,38.44443526041432
2024-05-07,Perro Max,Brit Care,87,6.609857918714837
2024-05-07,Gato Luna,Pedigri,225,22.407204039272344
2024-05-07,Perro Coco,Beneful,86,6.193575536768378
2024-05-07,Gato Simba,Pedigri,333,19.185157621027
2024-05-08,Perro Max,Pedigri,163,16.22088839032778
2024-05-08,Gato Luna,Beneful,398,55.97924603389428
2024-05-08,Perro Coco,Brit Care,105,12.202176106118928
2024-05-08,Gato Simba,Brit Care,286,35.28982368207587
2024-05-09,Perro Max,Brit Care,385,44.60039563434938
2024-05-09,Gato Luna,Pedigri,108,14.766777370365864
2024-05-09,Perro Coco,Pedigri,318,42.51702384196477
2024-05-09,Gato Simba,Pedigri,230,27.143237750486907
2024-05-10,Perro Max,Brit Care,204,25.55541944697588
2024-05-10,Gato Luna,Brit Care,182,25.131847817420496
2024-05-10,Perro Coco,Beneful,298,15.771569034429863
2024-05-10,Gato Simba,Brit Care,475,29.87131870498865
2024-05-11,Perro Max,Brit Care,486,60.43450125577214
2024-05-11,Gato Luna,Brit Care,131,17.265368015959716
2024-05-11,Perro Coco,Beneful,126,12.694093445386535
2024-05-11,Gato Simba,Brit Care,499,39.27320284542815
2024-05-12,Perro Max,Beneful,204,30.216198031759433
2024-05-12,Gato Luna,Pedigri,409,31.07596646552414
2024-05-12,Perro Coco,Pedigri,212,13.323112823575658
2024-05-12,Gato Simba,Brit Care,463,24.003203377579467
2024-05-13,Perro Max,Pedigri,273,36.58531702483528
2024-05-13,Gato Luna,Brit Care,271,33.975238402769065
2024-05-13,Perro Coco,Beneful,245,16.506960145035386
2024-05-13,Gato Simba,Beneful,373,29.875941047116246
2024-05-14,Perro Max,Pedigri,61,3.4608386689595076
2024-05-14,Gato Luna,Beneful,423,35.78085330911007
2024-05-14,Perro Coco,Beneful,169,9.223040371431468
2024-05-14,Gato Simba,Beneful,319,47.00429811675895
2024-05-15,Perro Max,Pedigri,253,31.616191343095995
2024-05-15,Gato Luna,Brit Care,485,61.02576500255759
2024-05-15,Perro Coco,Brit Care,78,4.072563701926179
2024-05-15,Gato Simba,Beneful,416,41.1275567208341
2024-05-16,Perro Max,Brit Care,107,5.361015434348277
2024-05-16,Gato Luna,Beneful,479,46.39303806321519
2024-05-16,Perro Coco,Pedigri,148,14.080527960079197
2024-05-16,Gato Simba,Brit Care,320,41.43390555999774
2024-05-17,Perro Max,Pedigri,124,8.937543198580629
2024-05-17,Gato Luna,Beneful,224,26.44318436647357
2024-05-17,Perro Coco,Beneful,76,10.397212851245424
2024-05-17,Gato Simba,Beneful,285,15.142115941804214
2024-05-18,Perro Max,Pedigri,70,9.866671576634728
2024-05-18,Gato Luna,Pedigri,492,72.05440723569426
2024-05-18,Perro Coco,Brit Care,490,46.172639356664604
2024-05-18,Gato Simba,Brit Care,306,25.114727857406702
2024-05-19,Perro Max,Beneful,64,7.973356876998172
2024-05-19,Gato Luna,Brit Care,369,50.483731817800596
2024-05-19,Perro Coco,Beneful,320,31.089038723280407
2024-05-19,Gato Simba,Brit Care,121,7.9768734331791
2024-05-20,Perro Max,Pedigri,194,11.46859111388012
2024-05-20,Gato Luna,Brit Care,76,10.220352533688345
2024-05-20,Perro Coco,Brit Care,436,56.5403852948716
2024-05-20,Gato Simba,Pedigri,73,10.372189289054512
2024-05-21,Perro Max,Brit Care,453,58.73313928122079
2024-05-21,Gato Luna,Pedigri,271,16.72905192088089
2024-05-21,Perro Coco,Pedigri,431,51.09786387956866
2024-05-21,Gato Simba,Pedigri,215,15.599113062540313
2024-05-22,Perro Max,Brit Care,263,28.455847870348688
2024-05-22,Gato Luna,Pedigri,435,56.443820877717684
2024-05-22,Perro Coco,Brit Care,113,10.793987684624353
2024-05-22,Gato Simba,Pedigri,323,38.12874903140621
2024-05-23,Perro Max,Beneful,415,61.200043852633634
2024-05-23,Gato Luna,Beneful,81,9.371569246272394
2024-05-23,Perro Coco,Pedigri,338,49.09952396570864
2024-05-23,Gato Simba,Pedigri,441,53.990982088374764
2024-05-24,Perro Max,Brit Care,137,8.849132414281492
2024-05-24,Gato Luna,Pedigri,95,6.103707657564375
2024-05-24,Perro Coco,Beneful,135,9.589719328904726
2024-05-24,Gato Simba,Pedigri,251,32.02269886840319
2024-05-25,Perro Max,Beneful,402,40.9120080640654
2024-05-25,Gato Luna,Pedigri,282,23.987679460098896
2024-05-25,Perro Coco,Pedigri,126,7.290089064153261
2024-05-25,Gato Simba,Beneful,152,9.617279461454517
2024-05-26,Perro Max,Brit Care,139,16.533563071007993
2024-05-26,Gato Luna,Beneful,192,13.442884689500355
2024-05-26,Perro Coco,Brit Care,477,28.837885983950894
2024-05-26,Gato Simba,Brit Care,366,44.15701158942058
2024-05-27,Perro Max,Beneful,58,8.330031028213401
2024-05-27,Gato Luna,Brit Care,272,28.323260320189114
2024-05-27,Perro Coco,Beneful,253,34.68551883077596
2024-05-27,Gato Simba,Beneful,397,51.67860489787074
2024-05-28,Perro Max,Beneful,160,21.037201819944194
2024-05-28,Gato Luna,Brit Care,133,14.004919319473046
2024-05-28,Perro Coco,Beneful,363,46.60312168910469
2024-05-28,Gato Simba,Brit Care,52,2.8119213516808585
2024-05-29,Perro Max,Beneful,63,3.6642688867927142
2024-05-29,Gato Luna,Beneful,61,4.557329727461894
2024-05-29,Perro Coco,Pedigri,74,10.151198392782293
2024-05-29,Gato Simba,Beneful,196,28.926959014054972
2024-05-30,Perro Max,Pedigri,441,60.49782555271464
2024-05-30,Gato Luna,Pedigri,232,12.612950458810781
2024-05-30,Perro Coco,Beneful,451,52.01216216760359
2024-05-30,Gato Simba,Pedigri,401,41.803393292346634
2024-05-31,Perro Max,Brit Care,180,10.467476811943682
2024-05-31,Gato Luna,Brit Care,84,6.052713449347515
2024-05-31,Perro Coco,Beneful,496,34.89748270497524
2024-05-31,Gato Simba,Brit Care,381,25.68676612363146
2024-06-01,Perro Max,Pedigri,208,19.05087321585637
2024-06-01,Gato Luna,Pedigri,53,6.547356582928489
2024-06-01,Perro Coco,Beneful,69,6.933429685061823
2024-06-01,Gato Simba,Beneful,226,22.916306612477182
2024-06-02,Perro Max,Pedigri,469,24.828599505980193
2024-06-02,Gato Luna,Beneful,277,38.043823694862
2024-06-02,Perro Coco,Beneful,469,43.228711470365056
2024-06-02,Gato Simba,Beneful,292,31.89662959492618
2024-06-03,Perro Max,Beneful,174,12.365522088698599
2024-06-03,Gato Luna,Pedigri,67,7.581453474619887
2024-06-03,Perro Coco,Brit Care,274,17.304954572486917
2024-06-03,Gato Simba,Beneful,136,15.402551251877764
2024-06-04,Perro Max,Beneful,383,38.78316235938234
2024-06-04,Gato Luna,Pedigri,374,21.285566203379567
2024-06-04,Perro Coco,Pedigri,367,21.924337506715364
2024-06-04,Gato Simba,Pedigri,160,17.486694397308508
2024-06-05,Perro Max,Brit Care,133,14.536246324084534
2024-06-05,Gato Luna,Beneful,194,17.286981811044157
2024-06-05,Perro Coco,Pedigri,77,5.8376274317986825
2024-06-05,Gato Simba,Pedigri,310,25.58089199096554
2024-06-06,Perro Max,Pedigri,456,43.49280308709395
2024-06-06,Gato Luna,Brit Care,59,3.383630809247075
2024-06-06,Perro Coco,Beneful,129,13.155083936372627
2024-06-06,Gato Simba,Beneful,381,50.630456240127415
2024-06-07,Perro Max,Pedigri,182,13.626599761094864
2024-06-07,Gato Luna,Brit Care,50,3.762638910377096
2024-06-07,Perro Coco,Beneful,333,17.871158516886982
2024-06-07,Gato Simba,Pedigri,224,26.069221418728432
2024-06-08,Perro Max,Pedigri,354,47.58363389350957
2024-06-08,Gato Luna,Brit Care,256,27.08839038960289
2024-06-08,Perro Coco,Brit Care,494,26.388875637394417
2024-06-08,Gato Simba,Beneful,179,11.151177472680319
2024-06-09,Perro Max,Pedigri,69,3.8067081769665365
2024-06-09,Gato Luna,Pedigri,168,12.174979773141024
2024-06-09,Perro Coco,Pedigri,294,17.303534176163296
2024-06-09,Gato Simba,Pedigri,228,12.34786118634894
2024-06-10,Perro Max,Beneful,325,48.315478996162526
2024-06-10,Gato Luna,Brit Care,348,18.004816698454693
2024-06-10,Perro Coco,Pedigri,355,52.2949700564973
2024-06-10,Gato Simba,Brit Care,272,20.514908573211816
2024-06-11,Perro Max,Brit Care,227,19.12823418034478
2024-06-11,Gato Luna,Beneful,389,24.341344809278638
2024-06-11,Perro Coco,Beneful,350,22.523982671378754
2024-06-11,Gato Simba,Beneful,283,34.89103938905997
2024-06-12,Perro Max,Beneful,390,23.16212791578732
2024-06-12,Gato Luna,Pedigri,401,29.455907862726626
2024-06-12,Perro Coco,Brit Care,135,10.19663808383383
2024-06-12,Gato Simba,Pedigri,360,53.23072634641909
2024-06-13,Perro Max,Brit Care,463,46.169191573590176
2024-06-13,Gato Luna,Pedigri,75,10.266787383590387
2024-06-13,Perro Coco,Pedigri,125,7.663872738457163
2024-06-13,Gato Simba,Pedigri,351,49.795590674472
2024-06-14,Perro Max,Pedigri,196,28.241156984226073
2024-06-14,Gato Luna,Beneful,102,11.903109473307254
2024-06-14,Perro Coco,Pedigri,139,11.79517397466339
2024-06-14,Gato Simba,Beneful,241,13.2119101365394
2024-06-15,Perro Max,Pedigri,210,19.045067175180282
2024-06-15,Gato Luna,Pedigri,122,7.2038766825020195
2024-06-15,Perro Coco,Brit Care,373,42.914084462630996
2024-06-15,Gato Simba,Beneful,181,21.13344027870088
2024-06-16,Perro Max,Beneful,131,18.050374183441388
2024-06-16,Gato Luna,Brit Care,388,53.11334427097416
2024-06-16,Perro Coco,Pedigri,393,31.316962490219037
2024-06-16,Gato Simba,Brit Care,138,11.43166094481412
2024-06-17,Perro Max,Pedigri,125,13.87289756873368
2024-06-17,Gato Luna,Brit Care,454,39.97105457216902
2024-06-17,Perro Coco,Pedigri,466,34.36955649874366
2024-06-17,Gato Simba,Pedigri,340,24.727167326947153
2024-06-18,Perro Max,Beneful,316,34.86897555085154
2024-06-18,Gato Luna,Beneful,379,47.72915002827663
2024-06-18,Perro Coco,Pedigri,52,5.420291057894639
2024-06-18,Gato Simba,Beneful,461,24.232099233676685
2024-06-19,Perro Max,Beneful,202,17.77995149947431
2024-06-19,Gato Luna,Beneful,353,38.13008463372483
2024-06-19,Perro Coco,Brit Care,92,11.63692600618758
2024-06-19,Gato Simba,Beneful,351,42.75611997554995
2024-06-20,Perro Max,Brit Care,476,24.667870935394816
2024-06-20,Gato Luna,Brit Care,156,7.917980849659018
2024-06-20,Perro Coco,Brit Care,166,23.20730711256978
2024-06-20,Gato Simba,Pedigri,341,48.66187797755406
2024-06-21,Perro Max,Brit Care,373,53.50446379984568
2024-06-21,Gato Luna,Beneful,324,19.486034841754616
2024-06-21,Perro Coco,Pedigri,422,33.12163646279314
2024-06-21,Gato Simba,Brit Care,206,26.842333495352865
2024-06-22,Perro Max,Brit Care,185,15.009192434386067
2024-06-22,Gato Luna,Beneful,195,17.548151532681047
2024-06-22,Perro Coco,Pedigri,181,23.949449682281447
2024-06-22,Gato Simba,Beneful,312,36.85087704370746
2024-06-23,Perro Max,Beneful,88,9.02143777627013
2024-06-23,Gato Luna,Brit Care,496,30.101095385499296
2024-06-23,Perro Coco,Beneful,494,37.37420151484737
2024-06-23,Gato Simba,Beneful,312,41.05135767733356
2024-06-24,Perro Max,Pedigri,411,25.16570855530111
2024-06-24,Gato Luna,Pedigri,424,48.25057272563582
2024-06-24,Perro Coco,Pedigri,263,28.76006436793877
2024-06-24,Gato Simba,Beneful,58,6.650314297852589
2024-06-25,Perro Max,Beneful,170,22.777642148734245
2024-06-25,Gato Luna,Pedigri,203,15.339593455528227
2024-06-25,Perro Coco,Beneful,201,26.584547802124938
2024-06-25,Gato Simba,Brit Care,251,32.86920239178789
2024-06-26,Perro Max,Brit Care,213,13.8386945174832
2024-06-26,Gato Luna,Brit Care,291,19.001828604111175
2024-06-26,Perro Coco,Pedigri,157,21.39591411742869
2024-06-26,Gato Simba,Brit Care,198,11.795148199299204
2024-06-27,Perro Max,Pedigri,192,14.020726433815103
2024-06-27,Gato Luna,Brit Care,209,23.783380580303774
2024-06-27,Perro Coco,Pedigri,127,14.376596672459314
2024-06-27,Gato Simba,Pedigri,303,19.445764123871186
2024-06-28,Perro Max,Brit Care,312,37.28851008628492
2024-06-28,Gato Luna,Brit Care,91,8.446616495823093
2024-06-28,Perro Coco,Brit Care,474,56.52147357277512
2024-06-28,Gato Simba,Brit Care,329,20.674172123040723
2024-06-29,Perro Max,Brit Care,117,14.324764160406271
2024-06-29,Gato Luna,Beneful,337,26.089214463065456
2024-06-29,Perro Coco,Beneful,85,4.97809512156966
2024-06-29,Gato Simba,Pedigri,213,14.736774016509225
2024-06-30,Perro Max,Pedigri,428,36.104388320400126
2024-06-30,Gato Luna,Brit Care,245,23.089043443776404
2024-06-30,Perro Coco,Beneful,493,64.10757583564244
2024-06-30,Gato Simba,Brit Care,209,21.73624901523427
2024-07-01,Perro Max,Beneful,249,28.656846489275136
2024-07-01,Gato Luna,Beneful,349,28.769247983726608
2024-07-01,Perro Coco,Brit Care,391,45.72693994824923
2024-07-01,Gato Simba,Brit Care,221,25.676646095671266
2024-07-02,Perro Max,Pedigri,340,41.842117348134366
2024-07-02,Gato Luna,Beneful,165,9.242348652912957
2024-07-02,Perro Coco,Beneful,85,12.42415875561591
2024-07-02,Gato Simba,Pedigri,336,42.162550750012485
2024-07-03,Perro Max,Brit Care,257,23.37358082223374
2024-07-03,Gato Luna,Beneful,170,22.470709546318474
2024-07-03,Perro Coco,Pedigri,449,52.30453642947609
2024-07-03,Gato Simba,Brit Care,193,17.03275720870936
2024-07-04,Perro Max,Brit Care,397,58.52433575653222
2024-07-04,Gato Luna,Beneful,54,6.680773215039112
2024-07-04,Perro Coco,Pedigri,170,19.916493541421634
2024-07-04,Gato Simba,Beneful,455,26.805161661278756
2024-07-05,Perro Max,Brit Care,337,21.153944398507413
2024-07-05,Gato Luna,Beneful,275,15.485498409676632
2024-07-05,Perro Coco,Pedigri,200,15.262251398216858
2024-07-05,Gato Simba,Beneful,410,24.093352617317382
2024-07-06,Perro Max,Brit Care,298,31.40330677322881
2024-07-06,Gato Luna,Brit Care,372,33.36771243516334
2024-07-06,Perro Coco,Brit Care,203,22.34206496722053
2024-07-06,Gato Simba,Brit Care,311,44.14309036696837
2024-07-07,Perro Max,Brit Care,192,28.649433884607603
2024-07-07,Gato Luna,Pedigri,293,20.75935807066994
2024-07-07,Perro Coco,Brit Care,98,6.0403906992776655
2024-07-07,Gato Simba,Beneful,478,42.093793428180525
2024-07-08,Perro Max,Beneful,207,25.283436793704745
2024-07-08,Gato Luna,Brit Care,385,27.41132589973618
2024-07-08,Perro Coco,Beneful,122,10.034841329726266
2024-07-08,Gato Simba,Brit Care,115,7.518598221182358
2024-07-09,Perro Max,Brit Care,255,37.628060121927824
2024-07-09,Gato Luna,Beneful,74,7.956208793675024
2024-07-09,Perro Coco,Pedigri,359,29.21282411386805
2024-07-09,Gato Simba,Brit Care,319,20.3904169852992
2024-07-10,Perro Max,Beneful,287,19.367868602373843
2024-07-10,Gato Luna,Brit Care,474,62.814516375497924
2024-07-10,Perro Coco,Pedigri,166,10.321247724679562
2024-07-10,Gato Simba,Pedigri,74,5.420880051903812
2024-07-11,Perro Max,Pedigri,493,62.94247498225445
2024-07-11,Gato Luna,Pedigri,80,8.049134902721953
2024-07-11,Perro Coco,Beneful,365,49.32787527062118
2024-07-11,Gato Simba,Pedigri,92,10.300209185060032
2024-07-12,Perro Max,Brit Care,336,18.861347470918453
2024-07-12,Gato Luna,Brit Care,467,44.82267979002725
2024-07-12,Perro Coco,Beneful,431,64.42873827001696
2024-07-12,Gato Simba,Pedigri,464,55.44963461903687
2024-07-13,Perro Max,Pedigri,132,8.852774812859979
2024-07-13,Gato Luna,Pedigri,378,48.48591034012883
2024-07-13,Perro Coco,Beneful,420,28.466188289752427
2024-07-13,Gato Simba,Pedigri,309,35.01555944381604
2024-07-14,Perro Max,Pedigri,150,16.728291573465164
2024-07-14,Gato Luna,Pedigri,357,41.259335110451126
2024-07-14,Perro Coco,Beneful,280,34.280889150946514
2024-07-14,Gato Simba,Pedigri,165,14.929174079905797
2024-07-15,Perro Max,Pedigri,56,5.742825883024384
2024-07-15,Gato Luna,Beneful,63,4.264389014406282
2024-07-15,Perro Coco,Pedigri,135,19.76160071901174
2024-07-15,Gato Simba,Brit Care,435,27.570462528157762
2024-07-16,Perro Max,Pedigri,295,38.06496320787437
2024-07-16,Gato Luna,Pedigri,187,22.084229269355173
2024-07-16,Perro Coco,Brit Care,438,31.325841994355002
2024-07-16,Gato Simba,Pedigri,291,32.86259525491242
2024-07-17,Perro Max,Pedigri,387,21.850665509966134
2024-07-17,Gato Luna,Pedigri,237,27.16233592606144
2024-07-17,Perro Coco,Pedigri,357,27.34688822479209
2024-07-17,Gato Simba,Pedigri,331,20.76031214495458
2024-07-18,Perro Max,Beneful,101,7.50912748088916
2024-07-18,Gato Luna,Beneful,281,36.830274576414084
2024-07-18,Perro Coco,Pedigri,485,65.93891373487688
2024-07-18,Gato Simba,Beneful,70,10.193555334542637
2024-07-19,Perro Max,Pedigri,154,9.273102756726088
2024-07-19,Gato Luna,Pedigri,474,56.3175850685021
2024-07-19,Perro Coco,Pedigri,146,19.576725059618468
2024-07-19,Gato Simba,Beneful,493,63.16170189269512
2024-07-20,Perro Max,Brit Care,296,34.316876097291164
2024-07-20,Gato Luna,Brit Care,263,29.89441264099755
2024-07-20,Perro Coco,Brit Care,450,25.49934182523105
2024-07-20,Gato Simba,Pedigri,118,14.601718470913529
2024-07-21,Perro Max,Pedigri,136,16.051097797233606
2024-07-21,Gato Luna,Pedigri,249,14.561321199540501
2024-07-21,Perro Coco,Brit Care,434,24.828460182342425
2024-07-21,Gato Simba,Brit Care,201,10.764974427414522
2024-07-22,Perro Max,Pedigri,281,23.976364578908
2024-07-22,Gato Luna,Beneful,277,23.536779463960034
2024-07-22,Perro Coco,Brit Care,260,30.195635887830772
2024-07-22,Gato Simba,Brit Care,491,29.38122640092781
2024-07-23,Perro Max,Beneful,401,22.805384583982537
2024-07-23,Gato Luna,Beneful,87,5.068773672095638
2024-07-23,Perro Coco,Pedigri,272,34.88358994813912
2024-07-23,Gato Simba,Pedigri,378,33.337318378879466
2024-07-24,Perro Max,Beneful,98,7.403052149915151
2024-07-24,Gato Luna,Beneful,154,17.61612550453341
2024-07-24,Perro Coco,Beneful,168,9.104780553651489
2024-07-24,Gato Simba,Beneful,315,40.9094970371191
2024-07-25,Perro Max,Brit Care,307,33.82776480183509
2024-07-25,Gato Luna,Pedigri,209,26.08472945007722
2024-07-25,Perro Coco,Beneful,60,3.262413755279817
2024-07-25,Gato Simba,Pedigri,473,51.96054352987049
2024-07-26,Perro Max,Pedigri,202,17.695056376814488
2024-07-26,Gato Luna,Beneful,173,15.373693416296353
2024-07-26,Perro Coco,Beneful,327,25.30297575571128
2024-07-26,Gato Simba,Pedigri,221,15.414097825904616
2024-07-27,Perro Max,Beneful,162,18.562135165014336
2024-07-27,Gato Luna,Brit Care,171,22.502692656363358
2024-07-27,Perro Coco,Brit Care,88,11.849326180474446
2024-07-27,Gato Simba,Pedigri,480,36.10756896832136
2024-07-28,Perro Max,Pedigri,198,29.272266120251796
2024-07-28,Gato Luna,Beneful,409,43.26456092340276
2024-07-28,Perro Coco,Brit Care,285,15.784958899443746
2024-07-28,Gato Simba,Beneful,199,29.54492781653771
2024-07-29,Perro Max,Beneful,397,21.563997311141364
2024-07-29,Gato Luna,Beneful,307,19.39407334505505
2024-07-29,Perro Coco,Brit Care,485,63.91258849806184
2024-07-29,Gato Simba,Brit Care,456,61.13605807731071
2024-07-30,Perro Max,Pedigri,327,34.08115661958344
2024-07-30,Gato Luna,Pedigri,402,40.53609398603445
2024-07-30,Perro Coco,Brit Care,167,17.785867280745567
2024-07-30,Gato Simba,Pedigri,79,10.84925103530038
2024-07-31,Perro Max,Brit Care,330,41.617010722424205
2024-07-31,Gato Luna,Brit Care,185,17.788813276766113
2024-07-31,Perro Coco,Pedigri,413,50.6528688341671
2024-07-31,Gato Simba,Pedigri,437,26.184082951961337
2024-08-01,Perro Max,Beneful,403,28.372636075544623
2024-08-01,Gato Luna,Beneful,454,55.98143683974724
2024-08-01,Perro Coco,Brit Care,268,18.43906288769315
2024-08-01,Gato Simba,Pedigri,161,20.669047730214896
2024-08-02,Perro Max,Beneful,283,35.68603850879506
2024-08-02,Gato Luna,Beneful,61,7.598976074660516
2024-08-02,Perro Coco,Beneful,170,24.78724916202946
2024-08-02,Gato Simba,Pedigri,69,5.705828152732746
2024-08-03,Perro Max,Brit Care,272,21.912434661333844
2024-08-03,Gato Luna,Brit Care,150,9.370710853670857
2024-08-03,Perro Coco,Brit Care,430,49.16470273620673
2024-08-03,Gato Simba,Beneful,73,5.235626413145837
2024-08-04,Perro Max,Beneful,342,39.77603655391683
2024-08-04,Gato Luna,Beneful,408,20.53130515505457
2024-08-04,Perro Coco,Beneful,479,40.97811520014102
2024-08-04,Gato Simba,Pedigri,478,28.344952583545716
2024-08-05,Perro Max,Brit Care,120,11.771674678633484
2024-08-05,Gato Luna,Beneful,52,2.9372386913114354
2024-08-05,Perro Coco,Beneful,104,12.510611786178238
2024-08-05,Gato Simba,Beneful,73,8.588215941752443
2024-08-06,Perro Max,Beneful,452,34.79589654979529
2024-08-06,Gato Luna,Brit Care,354,40.231769047140055
2024-08-06,Perro Coco,Brit Care,455,54.39141199892642
2024-08-06,Gato Simba,Beneful,363,43.83881793109524
2024-08-07,Perro Max,Brit Care,405,41.19939678588518
2024-08-07,Gato Luna,Pedigri,277,17.239836177907428
2024-08-07,Perro Coco,Pedigri,232,17.071896300133538
2024-08-07,Gato Simba,Brit Care,165,9.281946743806579
2024-08-08,Perro Max,Brit Care,352,52.74183240103182
2024-08-08,Gato Luna,Beneful,350,23.5718025993085
2024-08-08,Perro Coco,Beneful,309,30.78154126909848
2024-08-08,Gato Simba,Brit Care,448,40.76373905839372
2024-08-09,Perro Max,Beneful,173,15.290310068441661
2024-08-09,Gato Luna,Pedigri,139,15.119994115984555
2024-08-09,Perro Coco,Pedigri,110,16.276113865372714
2024-08-09,Gato Simba,Brit Care,156,8.177391516705143
2024-08-10,Perro Max,Beneful,167,12.910282526545968
2024-08-10,Gato Luna,Pedigri,414,53.09889230984538
2024-08-10,Perro Coco,Brit Care,475,64.25458094409629
2024-08-10,Gato Simba,Beneful,118,15.834816088143342
2024-08-11,Perro Max,Pedigri,98,9.164767912702496
2024-08-11,Gato Luna,Pedigri,405,25.65593888284572
2024-08-11,Perro Coco,Beneful,280,39.30957324729049
2024-08-11,Gato Simba,Brit Care,178,22.78779252905582
2024-08-12,Perro Max,Beneful,346,22.798222601359633
2024-08-12,Gato Luna,Pedigri,80,11.380984464702317
2024-08-12,Perro Coco,Pedigri,85,4.363922324673408
2024-08-12,Gato Simba,Beneful,463,24.83011692700515
2024-08-13,Perro Max,Brit Care,212,16.442981579993642
2024-08-13,Gato Luna,Beneful,169,24.92470563200079
2024-08-13,Perro Coco,Beneful,155,20.84423626243333
2024-08-13,Gato Simba,Beneful,93,6.104350780952066
2024-08-14,Perro Max,Brit Care,133,14.892002554652228
2024-08-14,Gato Luna,Brit Care,490,41.45010192758302
2024-08-14,Perro Coco,Beneful,466,59.268570040063544
2024-08-14,Gato Simba,Beneful,176,12.967403843880383
2024-08-15,Perro Max,Brit Care,197,12.371367708111652
2024-08-15,Gato Luna,Brit Care,454,25.07250771958548
2024-08-15,Perro Coco,Beneful,362,36.00021695288237
2024-08-15,Gato Simba,Pedigri,131,8.449042448175602
2024-08-16,Perro Max,Brit Care,267,18.454791729109868
2024-08-16,Gato Luna,Pedigri,452,36.553183200468425
2024-08-16,Perro Coco,Pedigri,433,63.536522498232316
2024-08-16,Gato Simba,Pedigri,474,24.7444665981017
2024-08-17,Perro Max,Pedigri,245,22.490753379826867
2024-08-17,Gato Luna,Pedigri,376,44.509154369696795
2024-08-17,Perro Coco,Pedigri,130,19.24671868601438
2024-08-17,Gato Simba,Pedigri,403,36.43030841595989
2024-08-18,Perro Max,Brit Care,218,28.15905974828306
2024-08-18,Gato Luna,Pedigri,66,7.345141061688865
2024-08-18,Perro Coco,Beneful,247,33.26889258378743
2024-08-18,Gato Simba,Beneful,390,24.997425473349
2024-08-19,Perro Max,Beneful,161,11.529056296283452
2024-08-19,Gato Luna,Beneful,147,20.021207553542805
2024-08-19,Perro Coco,Brit Care,174,21.73753660090651
2024-08-19,Gato Simba,Brit Care,473,28.944569348118385
2024-08-20,Perro Max,Brit Care,187,27.63975599610498
2024-08-20,Gato Luna,Brit Care,368,36.699018235580525
2024-08-20,Perro Coco,Brit Care,326,21.669427121892845
2024-08-20,Gato Simba,Brit Care,117,14.703992616557029
2024-08-21,Perro Max,Beneful,192,13.53372046369368
2024-08-21,Gato Luna,Pedigri,128,17.658647743379575
2024-08-21,Perro Coco,Beneful,460,66.54534589318193
2024-08-21,Gato Simba,Beneful,333,42.35801546112268
2024-08-22,Perro Max,Brit Care,115,6.499852799495659
2024-08-22,Gato Luna,Beneful,436,61.442000975564014
2024-08-22,Perro Coco,Pedigri,91,9.08009382311204
2024-08-22,Gato Simba,Beneful,216,24.98645026204475
2024-08-23,Perro Max,Pedigri,428,37.68197632132367
2024-08-23,Gato Luna,Brit Care,246,36.02612568595996
2024-08-23,Perro Coco,Beneful,57,4.48668636108208
2024-08-23,Gato Simba,Pedigri,213,16.538208009426338
2024-08-24,Perro Max,Brit Care,442,39.6018948916805
2024-08-24,Gato Luna,Beneful,153,15.608915005748782
2024-08-24,Perro Coco,Beneful,317,21.113287735293394
2024-08-24,Gato Simba,Brit Care,414,58.21433074730273
2024-08-25,Perro Max,Beneful,412,61.12108467586714
2024-08-25,Gato Luna,Pedigri,269,18.88422148002698
2024-08-25,Perro Coco,Pedigri,465,53.674603683110725
2024-08-25,Gato Simba,Brit Care,150,14.104851275525235
2024-08-26,Perro Max,Beneful,415,24.213759527059405
2024-08-26,Gato Luna,Pedigri,61,7.562355025721797
2024-08-26,Perro Coco,Brit Care,65,9.674703931178495
2024-08-26,Gato Simba,Pedigri,424,26.3911972904191
2024-08-27,Perro Max,Beneful,318,26.171756108681603
2024-08-27,Gato Luna,Beneful,272,31.446845290159793
2024-08-27,Perro Coco,Brit Care,374,39.634862568075505
2024-08-27,Gato Simba,Pedigri,245,29.874163748044385
2024-08-28,Perro Max,Beneful,203,11.7619536682535
2024-08-28,Gato Luna,Pedigri,276,18.972569657093267
2024-08-28,Perro Coco,Pedigri,314,41.418594335256
2024-08-28,Gato Simba,Beneful,183,22.1474432148066
2024-08-29,Perro Max,Pedigri,444,62.2175428783944
2024-08-29,Gato Luna,Pedigri,262,19.7632359068719
2024-08-29,Perro Coco,Beneful,180,24.836794451130515
2024-08-29,Gato Simba,Beneful,326,19.98194859420426
2024-08-30,Perro Max,Beneful,239,29.13595099175715
2024-08-30,Gato Luna,Brit Care,229,32.18274112096323
2024-08-30,Perro Coco,Brit Care,480,33.18050005990016
2024-08-30,Gato Simba,Brit Care,490,45.839767265509806
2024-08-31,Perro Max,Beneful,322,43.19461120932926
2024-08-31,Gato Luna,Brit Care,399,59.01628702680466
2024-08-31,Perro Coco,Brit Care,338,21.167748264880192
2024-08-31,Gato Simba,Beneful,115,9.371575269049128
2024-09-01,Perro Max,Brit Care,472,31.48863094144164
2024-09-01,Gato Luna,Pedigri,296,23.06657221825055
2024-09-01,Perro Coco,Brit Care,116,13.852146652714039
2024-09-01,Gato Simba,Pedigri,352,28.346935819724944
2024-09-02,Perro Max,Brit Care,70,3.7323254819369835
2024-09-02,Gato Luna,Pedigri,486,56.04371161982036
2024-09-02,Perro Coco,Beneful,450,56.972914944088615
2024-09-02,Gato Simba,Brit Care,301,35.06604559462746
2024-09-03,Perro Max,Beneful,164,23.077998503575607
2024-09-03,Gato Luna,Brit Care,268,28.419808910275787
2024-09-03,Perro Coco,Brit Care,403,38.16633841539895
2024-09-03,Gato Simba,Beneful,191,26.063164941882995
2024-09-04,Perro Max,Beneful,84,7.667193485834619
2024-09-04,Gato Luna,Brit Care,383,37.498383416858346
2024-09-04,Perro Coco,Pedigri,330,30.407653372115163
2024-09-04,Gato Simba,Beneful,203,29.764741237348
2024-09-05,Perro Max,Beneful,481,58.08980849650276
2024-09-05,Gato Luna,Beneful,484,64.18029010066208
2024-09-05,Perro Coco,Brit Care,250,33.486522737519174
2024-09-05,Gato Simba,Pedigri,376,42.16255309673271
2024-09-06,Perro Max,Pedigri,300,33.84714331389844
2024-09-06,Gato Luna,Pedigri,324,44.47722440194254
2024-09-06,Perro Coco,Beneful,169,20.342293019087446
2024-09-06,Gato Simba,Pedigri,213,12.70618421516289
2024-09-07,Perro Max,Beneful,314,16.089486739107684
2024-09-07,Gato Luna,Pedigri,191,20.978627950087194
2024-09-07,Perro Coco,Brit Care,492,60.52811043683518
2024-09-07,Gato Simba,Pedigri,245,13.830036145604605
2024-09-08,Perro Max,Beneful,410,34.04672815890673
2024-09-08,Gato Luna,Beneful,474,70.57994418579825
2024-09-08,Perro Coco,Brit Care,232,23.926543277178972
2024-09-08,Gato Simba,Beneful,418,32.82513614333583
2024-09-09,Perro Max,Brit Care,316,47.255825511645384
2024-09-09,Gato Luna,Beneful,304,35.228282132258144
2024-09-09,Perro Coco,Pedigri,221,13.590019235016428
2024-09-09,Gato Simba,Pedigri,250,35.24067048591481
2024-09-10,Perro Max,Brit Care,265,38.57934881859994
2024-09-10,Gato Luna,Pedigri,392,36.472754484582815
2024-09-10,Perro Coco,Beneful,125,12.055415452819286
2024-09-10,Gato Simba,Brit Care,410,34.473443691383714
2024-09-11,Perro Max,Pedigri,455,50.37257583170331
2024-09-11,Gato Luna,Brit Care,87,9.497765312065031
2024-09-11,Perro Coco,Pedigri,228,16.813483078945584
2024-09-11,Gato Simba,Brit Care,397,23.987724671491407
2024-09-12,Perro Max,Beneful,125,12.345838357765805
2024-09-12,Gato Luna,Beneful,243,18.74912098345027
2024-09-12,Perro Coco,Brit Care,488,72.41140726734537
2024-09-12,Gato Simba,Brit Care,471,26.89090737990073
2024-09-13,Perro Max,Pedigri,259,22.32199511401309
2024-09-13,Gato Luna,Beneful,267,37.57705039783301
2024-09-13,Perro Coco,Brit Care,429,41.59763213380241
2024-09-13,Gato Simba,Pedigri,142,13.816193114556244
2024-09-14,Perro Max,Brit Care,473,45.868879989459344
2024-09-14,Gato Luna,Pedigri,389,27.5020113012548
2024-09-14,Perro Coco,Pedigri,238,12.031038020018016
2024-09-14,Gato Simba,Beneful,418,30.057076220457656
2024-09-15,Perro Max,Brit Care,453,27.54356666212032
2024-09-15,Gato Luna,Beneful,344,44.808947377545564
2024-09-15,Perro Coco,Pedigri,241,24.405292195549634
2024-09-15,Gato Simba,Brit Care,359,51.3999585276381
2024-09-16,Perro Max,Pedigri,393,23.07274573507382
2024-09-16,Gato Luna,Pedigri,66,4.051333396945569
2024-09-16,Perro Coco,Brit Care,108,10.880048938152335
2024-09-16,Gato Simba,Pedigri,88,8.743209906993044
2024-09-17,Perro Max,Brit Care,196,18.631701572069424
2024-09-17,Gato Luna,Brit Care,95,6.3194374237095765
2024-09-17,Perro Coco,Brit Care,381,52.66405098721369
2024-09-17,Gato Simba,Pedigri,158,17.504902382633116
2024-09-18,Perro Max,Pedigri,350,42.64502304365573
2024-09-18,Gato Luna,Beneful,57,7.768418866600751
2024-09-18,Perro Coco,Beneful,392,47.728827289478495
2024-09-18,Gato Simba,Brit Care,264,14.27075067117959
2024-09-19,Perro Max,Beneful,195,11.98250894228515
2024-09-19,Gato Luna,Beneful,210,20.08096668806638
2024-09-19,Perro Coco,Beneful,196,21.48790176966322
2024-09-19,Gato Simba,Pedigri,274,24.776168592251334
2024-09-20,Perro Max,Brit Care,192,23.99713467718015
2024-09-20,Gato Luna,Beneful,496,56.84637028025112
2024-09-20,Perro Coco,Beneful,499,69.26314931156986
2024-09-20,Gato Simba,Pedigri,315,31.567838713802583
2024-09-21,Perro Max,Brit Care,167,10.282818031534381
2024-09-21,Gato Luna,Brit Care,77,5.173233306218627
2024-09-21,Perro Coco,Beneful,204,25.3160175056014
2024-09-21,Gato Simba,Pedigri,215,28.573881249728057
2024-09-22,Perro Max,Beneful,345,45.54043570461778
2024-09-22,Gato Luna,Pedigri,317,25.202790432636753
2024-09-22,Perro Coco,Pedigri,360,38.77919592244383
2024-09-22,Gato Simba,Beneful,406,25.293933782024073
2024-09-23,Perro Max,Pedigri,176,14.839745415838786
2024-09-23,Gato Luna,Brit Care,457,52.65972834065164
2024-09-23,Perro Coco,Pedigri,487,65.83466823576124
2024-09-23,Gato Simba,Brit Care,478,37.063220129409004
2024-09-24,Perro Max,Pedigri,171,18.64388278449903
2024-09-24,Gato Luna,Beneful,337,44.56563399262098
2024-09-24,Perro Coco,Brit Care,90,8.378866984619666
2024-09-24,Gato Simba,Brit Care,97,4.969404119255933
2024-09-25,Perro Max,Brit Care,362,19.092615221010206
2024-09-25,Gato Luna,Pedigri,457,39.96706693681955
2024-09-25,Perro Coco,Pedigri,56,3.5985272068586887
2024-09-25,Gato Simba,Pedigri,242,35.00879530264382
2024-09-26,Perro Max,Brit Care,206,20.955131263315238
2024-09-26,Gato Luna,Beneful,468,39.340274996004446
2024-09-26,Perro Coco,Brit Care,175,19.179804738210933
2024-09-26,Gato Simba,Pedigri,343,46.206884496496826
2024-09-27,Perro Max,Beneful,225,16.152582470737276
2024-09-27,Gato Luna,Beneful,370,22.394589852289457
2024-09-27,Perro Coco,Pedigri,414,60.94184561895887
2024-09-27,Gato Simba,Beneful,425,62.79171501459063
2024-09-28,Perro Max,Brit Care,124,7.88378418359282
2024-09-28,Gato Luna,Beneful,204,14.460827042397097
2024-09-28,Perro Coco,Brit Care,497,45.433266149112875
2024-09-28,Gato Simba,Brit Care,355,28.868822267991177
2024-09-29,Perro Max,Pedigri,448,44.25573363421981
2024-09-29,Gato Luna,Beneful,171,10.535976219428989
2024-09-29,Perro Coco,Beneful,173,14.081624210628203
2024-09-29,Gato Simba,Brit Care,183,20.183854639574147
2024-09-30,Perro Max,Pedigri,418,24.586831218416595
2024-09-30,Gato Luna,Brit Care,480,31.276046057754236
2024-09-30,Perro Coco,Pedigri,158,23.237726028100518
2024-09-30,Gato Simba,Beneful,117,17.31727521124107
2024-10-01,Perro Max,Pedigri,354,36.54191660267375
2024-10-01,Gato Luna,Pedigri,391,29.204080382702596
2024-10-01,Perro Coco,Brit Care,484,41.43938532049155
2024-10-01,Gato Simba,Beneful,465,56.21913817934698
2024-10-02,Perro Max,Beneful,390,32.85547117455382
2024-10-02,Gato Luna,Pedigri,349,46.441029017150676
2024-10-02,Perro Coco,Brit Care,434,46.8922938831264
2024-10-02,Gato Simba,Pedigri,446,50.23005073537944
2024-10-03,Perro Max,Brit Care,484,62.06759514586823
2024-10-03,Gato Luna,Brit Care,301,24.094730506573015
2024-10-03,Perro Coco,Beneful,298,38.51713748049499
2024-10-03,Gato Simba,Brit Care,214,26.33950581443271
2024-10-04,Perro Max,Pedigri,194,23.49116350363699
2024-10-04,Gato Luna,Beneful,196,12.394498629085462
2024-10-04,Perro Coco,Brit Care,166,18.2454017116694
2024-10-04,Gato Simba,Beneful,222,21.277954625437523
2024-10-05,Perro Max,Beneful,198,24.66802876481484
2024-10-05,Gato Luna,Brit Care,54,6.9887375777667895
2024-10-05,Perro Coco,Pedigri,95,5.0773819645375005
2024-10-05,Gato Simba,Beneful,66,9.564140144390308
2024-10-06,Perro Max,Beneful,353,20.95663645091863
2024-10-06,Gato Luna,Beneful,232,20.307653863734764
2024-10-06,Perro Coco,Beneful,124,8.719966329467482
2024-10-06,Gato Simba,Brit Care,448,49.537837580629734
2024-10-07,Perro Max,Pedigri,291,35.66834907970052
2024-10-07,Gato Luna,Pedigri,268,24.323256789778295
2024-10-07,Perro Coco,Brit Care,224,28.325422600265675
2024-10-07,Gato Simba,Brit Care,414,40.426412088421316
2024-10-08,Perro Max,Brit Care,378,21.148025303183214
2024-10-08,Gato Luna,Pedigri,386,44.01165482620148
2024-10-08,Perro Coco,Pedigri,401,29.689333786849303
2024-10-08,Gato Simba,Brit Care,343,25.932431483099933
2024-10-09,Perro Max,Pedigri,62,9.12350486282165
2024-10-09,Gato Luna,Pedigri,336,41.46340002300069
2024-10-09,Perro Coco,Beneful,71,8.432826501256981
2024-10-09,Gato Simba,Brit Care,372,44.36220645318041
2024-10-10,Perro Max,Beneful,369,29.497697210915035
2024-10-10,Gato Luna,Beneful,218,16.976965218637257
2024-10-10,Perro Coco,Beneful,106,13.709976551636686
2024-10-10,Gato Simba,Brit Care,68,4.764426918345577
2024-10-11,Perro Max,Beneful,162,9.55495689938094
2024-10-11,Gato Luna,Beneful,184,10.012579625672096
2024-10-11,Perro Coco,Pedigri,86,10.668094734800265
2024-10-11,Gato Simba,Pedigri,190,23.81513052288241
2024-10-12,Perro Max,Pedigri,237,27.4574102213803
2024-10-12,Gato Luna,Brit Care,306,41.18519605413859
2024-10-12,Perro Coco,Beneful,240,14.126513135272297
2024-10-12,Gato Simba,Pedigri,339,19.582312445367414
2024-10-13,Perro Max,Beneful,407,32.809789773799444
2024-10-13,Gato Luna,Brit Care,447,58.47811388741223
2024-10-13,Perro Coco,Pedigri,339,17.156408565330544
2024-10-13,Gato Simba,Brit Care,172,23.545841139201293
2024-10-14,Perro Max,Beneful,473,28.991666699048334
2024-10-14,Gato Luna,Beneful,283,21.005143464435243
2024-10-14,Perro Coco,Beneful,237,15.291157355366447
2024-10-14,Gato Simba,Beneful,62,7.23449741028846
2024-10-15,Perro Max,Brit Care,339,26.476052513005392
2024-10-15,Gato Luna,Brit Care,169,15.296235537515873
2024-10-15,Perro Coco,Brit Care,167,13.718978210839628
2024-10-15,Gato Simba,Pedigri,344,24.97539752487039
2024-10-16,Perro Max,Pedigri,207,30.614909084118544
2024-10-16,Gato Luna,Pedigri,452,38.773196601932405
2024-10-16,Perro Coco,Pedigri,330,20.556382389357793
2024-10-16,Gato Simba,Pedigri,232,23.271547658092206
2024-10-17,Perro Max,Beneful,123,13.356136897978285
2024-10-17,Gato Luna,Beneful,101,11.48461745451714
2024-10-17,Perro Coco,Beneful,63,6.067988115533454
2024-10-17,Gato Simba,Beneful,102,13.300376777035705
2024-10-18,Perro Max,Beneful,79,8.059342149254933
2024-10-18,Gato Luna,Pedigri,108,13.773738424353864
2024-10-18,Perro Coco,Beneful,61,6.079842079189473
2024-10-18,Gato Simba,Beneful,339,21.486781505689596
2024-10-19,Perro Max,Beneful,176,9.756243812883108
2024-10-19,Gato Luna,Pedigri,128,7.715177631391019
2024-10-19,Perro Coco,Pedigri,398,21.764705959398604
2024-10-19,Gato Simba,Beneful,343,47.87342669926773
2024-10-20,Perro Max,Beneful,313,15.769563579213653
2024-10-20,Gato Luna,Pedigri,477,59.191123478453804
2024-10-20,Perro Coco,Pedigri,205,12.338793955353278
2024-10-20,Gato Simba,Pedigri,156,12.018135267598598
2024-10-21,Perro Max,Brit Care,211,17.16164106104652
2024-10-21,Gato Luna,Beneful,448,64.64567499335871
2024-10-21,Perro Coco,Brit Care,226,19.827288747782912
2024-10-21,Gato Simba,Brit Care,470,28.953066023363956
2024-10-22,Perro Max,Brit Care,267,28.425595661626925
2024-10-22,Gato Luna,Brit Care,266,32.02259863747321
2024-10-22,Perro Coco,Beneful,224,14.939749187937252
2024-10-22,Gato Simba,Pedigri,284,33.12534574562106
2024-10-23,Perro Max,Pedigri,73,9.205575868830715
2024-10-23,Gato Luna,Pedigri,480,69.31115065743406
2024-10-23,Perro Coco,Pedigri,70,6.827846254950516
2024-10-23,Gato Simba,Brit Care,189,28.33991209127542
2024-10-24,Perro Max,Pedigri,150,14.978561992585638
2024-10-24,Gato Luna,Brit Care,77,10.516815272212133
2024-10-24,Perro Coco,Brit Care,352,21.506408865397216
2024-10-24,Gato Simba,Beneful,276,24.006845865246074
2024-10-25,Perro Max,Brit Care,62,5.68232747780405
2024-10-25,Gato Luna,Pedigri,149,20.12018521668644
2024-10-25,Perro Coco,Pedigri,378,51.77704807856867
2024-10-25,Gato Simba,Beneful,489,56.12317406497686
2024-10-26,Perro Max,Pedigri,392,43.423883192306725
2024-10-26,Gato Luna,Beneful,442,28.137759941381827
2024-10-26,Perro Coco,Brit Care,341,42.236173322312474
2024-10-26,Gato Simba,Beneful,477,42.69774429306871
2024-10-27,Perro Max,Beneful,487,52.55583493674897
2024-10-27,Gato Luna,Pedigri,301,16.34450925119488
2024-10-27,Perro Coco,Pedigri,362,47.90380135950998
2024-10-27,Gato Simba,Beneful,187,19.51916711109864
2024-10-28,Perro Max,Brit Care,102,12.118053327127342
2024-10-28,Gato Luna,Pedigri,214,30.196870239222008
2024-10-28,Perro Coco,Beneful,386,24.100620201419698
2024-10-28,Gato Simba,Beneful,212,21.048729190285865
2024-10-29,Perro Max,Brit Care,151,15.567158944022617
2024-10-29,Gato Luna,Beneful,421,21.46779286948188
2024-10-29,Perro Coco,Brit Care,458,67.02826523265155
2024-10-29,Gato Simba,Beneful,279,35.21842199341209
2024-10-30,Perro Max,Brit Care,205,15.728678910768704
2024-10-30,Gato Luna,Pedigri,153,9.662229483820584
2024-10-30,Perro Coco,Brit Care,230,13.256853734803487
2024-10-30,Gato Simba,Brit Care,271,23.515581936818478
2024-10-31,Perro Max,Pedigri,183,17.11978954614109
2024-10-31,Gato Luna,Pedigri,202,25.71746585315716
2024-10-31,Perro Coco,Beneful,56,4.7493353217424135
2024-10-31,Gato Simba,Beneful,61,3.058257116864356
2024-11-01,Perro Max,Brit Care,422,48.380558897120665
2024-11-01,Gato Luna,Brit Care,277,37.31358490745402
2024-11-01,Perro Coco,Pedigri,209,29.229916637704143
2024-11-01,Gato Simba,Pedigri,266,21.044436991085764
2024-11-02,Perro Max,Pedigri,263,17.156220762928452
2024-11-02,Gato Luna,Brit Care,462,33.6444737934089
2024-11-02,Perro Coco,Beneful,275,27.062119417030544
2024-11-02,Gato Simba,Brit Care,173,16.846910031284477
2024-11-03,Perro Max,Beneful,53,7.726285945237481
2024-11-03,Gato Luna,Pedigri,168,21.591184324893263
2024-11-03,Perro Coco,Beneful,380,55.585197309621826
2024-11-03,Gato Simba,Beneful,282,19.880470108656223
2024-11-04,Perro Max,Beneful,248,15.891913132538368
2024-11-04,Gato Luna,Beneful,74,9.481781732530056
2024-11-04,Perro Coco,Pedigri,388,25.102153132022536
2024-11-04,Gato Simba,Pedigri,409,57.52261742410047
2024-11-05,Perro Max,Brit Care,461,52.683951972288035
2024-11-05,Gato Luna,Pedigri,98,14.184473445947178
2024-11-05,Perro Coco,Beneful,265,32.46200100298739
2024-11-05,Gato Simba,Pedigri,96,5.382037690238095
2024-11-06,Perro Max,Beneful,291,34.63180984472124
2024-11-06,Gato Luna,Beneful,54,5.385487209312451
2024-11-06,Perro Coco,Pedigri,297,18.837963071797585
2024-11-06,Gato Simba,Beneful,471,48.4969729978387
2024-11-07,Perro Max,Brit Care,273,27.316477492523518
2024-11-07,Gato Luna,Pedigri,95,5.474272570748863
2024-11-07,Perro Coco,Beneful,111,14.507316948812326
2024-11-07,Gato Simba,Beneful,127,13.291529703810145
2024-11-08,Perro Max,Pedigri,272,14.79407843988974
2024-11-08,Gato Luna,Beneful,55,5.2004790130803995
2024-11-08,Perro Coco,Pedigri,284,33.35151100426651
2024-11-08,Gato Simba,Pedigri,289,43.20496157349519
2024-11-09,Perro Max,Beneful,60,5.351149778454474
2024-11-09,Gato Luna,Beneful,218,15.192980357084739
2024-11-09,Perro Coco,Brit Care,301,44.99406074837513
2024-11-09,Gato Simba,Brit Care,139,14.21330206257554
2024-11-10,Perro Max,Brit Care,406,38.0420329580242
2024-11-10,Gato Luna,Brit Care,360,25.702453392776526
2024-11-10,Perro Coco,Beneful,203,10.438058002734074
2024-11-10,Gato Simba,Brit Care,334,47.02381971223929
2024-11-11,Perro Max,Beneful,322,47.01636646185539
2024-11-11,Gato Luna,Pedigri,385,56.87635445767289
2024-11-11,Perro Coco,Brit Care,57,3.7715271865506828
2024-11-11,Gato Simba,Beneful,401,32.480997480588755
2024-11-12,Perro Max,Beneful,370,35.45468206453485
2024-11-12,Gato Luna,Pedigri,236,34.45995971959839
2024-11-12,Perro Coco,Beneful,391,52.98859311421827
2024-11-12,Gato Simba,Pedigri,470,23.924808046726735
2024-11-13,Perro Max,Pedigri,205,14.937873981873981
2024-11-13,Gato Luna,Brit Care,265,34.66410098242949
2024-11-13,Perro Coco,Beneful,104,12.780158999607448
2024-11-13,Gato Simba,Brit Care,327,30.368556086256376
2024-11-14,Perro Max,Pedigri,398,39.03942783479976
2024-11-14,Gato Luna,Pedigri,222,13.730758243878965
2024-11-14,Perro Coco,Pedigri,487,43.72464366195504
2024-11-14,Gato Simba,Brit Care,83,12.3940166280106
2024-11-15,Perro Max,Pedigri,142,13.93800063191713
2024-11-15,Gato Luna,Brit Care,453,56.818203292620126
2024-11-15,Perro Coco,Brit Care,148,21.473743198637717
2024-11-15,Gato Simba,Brit Care,395,33.85628579236986
2024-11-16,Perro Max,Beneful,222,16.672230708423065
2024-11-16,Gato Luna,Pedigri,140,12.818454542702698
2024-11-16,Perro Coco,Pedigri,163,22.85645337643448
2024-11-16,Gato Simba,Beneful,414,61.03901068132126
2024-11-17,Perro Max,Brit Care,315,42.20420910758423
2024-11-17,Gato Luna,Pedigri,154,11.221893904765617
2024-11-17,Perro Coco,Pedigri,450,29.168006770347546
2024-11-17,Gato Simba,Pedigri,474,68.75176468526901
2024-11-18,Perro Max,Pedigri,305,28.566732787947362
2024-11-18,Gato Luna,Brit Care,198,20.1306280274801
2024-11-18,Perro Coco,Beneful,420,32.864834770859794
2024-11-18,Gato Simba,Brit Care,352,49.412266526485006
2024-11-19,Perro Max,Beneful,89,8.018381686010116
2024-11-19,Gato Luna,Beneful,181,23.949211035830356
2024-11-19,Perro Coco,Brit Care,291,20.50619117356696
2024-11-19,Gato Simba,Pedigri,441,30.258593090922645
2024-11-20,Perro Max,Brit Care,161,21.815986246080953
2024-11-20,Gato Luna,Beneful,373,29.66251923286365
2024-11-20,Perro Coco,Brit Care,470,45.120112592297545
2024-11-20,Gato Simba,Brit Care,329,43.64996866806352
2024-11-21,Perro Max,Brit Care,238,29.196631535203082
2024-11-21,Gato Luna,Pedigri,73,6.223999023280665
2024-11-21,Perro Coco,Brit Care,339,46.642436531228235
2024-11-21,Gato Simba,Brit Care,230,17.996865806510083
2024-11-22,Perro Max,Brit Care,414,22.255443142514768
2024-11-22,Gato Luna,Beneful,230,29.107575261864795
2024-11-22,Perro Coco,Pedigri,298,16.727662478169822
2024-11-22,Gato Simba,Beneful,406,49.6590079196317
2024-11-23,Perro Max,Brit Care,152,12.223820538471468
2024-11-23,Gato Luna,Pedigri,261,19.063874881262834
2024-11-23,Perro Coco,Brit Care,391,48.067381448840656
2024-11-23,Gato Simba,Beneful,469,58.24493773436374
2024-11-24,Perro Max,Pedigri,446,41.149262186806965
2024-11-24,Gato Luna,Beneful,79,6.519831558781945
2024-11-24,Perro Coco,Pedigri,161,21.20014941074074
2024-11-24,Gato Simba,Beneful,234,20.380019590891706
2024-11-25,Perro Max,Brit Care,96,12.544257789069498
2024-11-25,Gato Luna,Brit Care,65,8.152613687933526
2024-11-25,Perro Coco,Pedigri,359,39.15389824040749
2024-11-25,Gato Simba,Pedigri,321,18.56843170377968
2024-11-26,Perro Max,Brit Care,475,57.44273935244895
2024-11-26,Gato Luna,Brit Care,211,27.021329237679257
2024-11-26,Perro Coco,Pedigri,188,21.21456009147718
2024-11-26,Gato Simba,Beneful,322,35.470034913454334
2024-11-27,Perro Max,Brit Care,202,12.724815719812412
2024-11-27,Gato Luna,Pedigri,151,19.339050983333603
2024-11-27,Perro Coco,Brit Care,266,17.8775734992539
2024-11-27,Gato Simba,Pedigri,432,57.34827301852316
2024-11-28,Perro Max,Brit Care,145,8.674407386741668
2024-11-28,Gato Luna,Beneful,50,3.1101524716092435
2024-11-28,Perro Coco,Beneful,216,29.17018687883409
2024-11-28,Gato Simba,Pedigri,130,6.901152756004942
2024-11-29,Perro Max,Pedigri,122,10.313171817387632
2024-11-29,Gato Luna,Beneful,389,57.51464072033757
2024-11-29,Perro Coco,Brit Care,386,46.36515665738403
2024-11-29,Gato Simba,Brit Care,158,22.8640325403146
2024-11-30,Perro Max,Pedigri,386,33.98798360097793
2024-11-30,Gato Luna,Brit Care,149,19.164464218689762
2024-11-30,Perro Coco,Beneful,418,21.953084703495787
2024-11-30,Gato Simba,Brit Care,127,15.286987201288946
2024-12-01,Perro Max,Beneful,211,19.784654023927093
2024-12-01,Gato Luna,Brit Care,462,60.85132016112003
2024-12-01,Perro Coco,Pedigri,482,50.16340613581562
2024-12-01,Gato Simba,Pedigri,242,19.57379306097765
2024-12-02,Perro Max,Beneful,62,9.061382701695125
2024-12-02,Gato Luna,Beneful,196,17.572452167003277
2024-12-02,Perro Coco,Brit Care,92,12.560720981961994
2024-12-02,Gato Simba,Brit Care,477,37.685171874608244
2024-12-03,Perro Max,Beneful,420,42.06364938214882
2024-12-03,Gato Luna,Brit Care,255,28.684289539978472
2024-12-03,Perro Coco,Brit Care,163,21.725135141648817
2024-12-03,Gato Simba,Brit Care,228,11.67717438968442
2024-12-04,Perro Max,Pedigri,162,8.420689665225522
2024-12-04,Gato Luna,Pedigri,380,26.274251858982616
2024-12-04,Perro Coco,Pedigri,439,36.614793492858965
2024-12-04,Gato Simba,Pedigri,461,41.69871247495539
2024-12-05,Perro Max,Beneful,425,54.559793305574566
2024-12-05,Gato Luna,Beneful,99,9.234392108032699
2024-12-05,Perro Coco,Brit Care,263,21.893596933011125
2024-12-05,Gato Simba,Beneful,96,8.46183399756779
2024-12-06,Perro Max,Pedigri,190,24.412374636218722
2024-12-06,Gato Luna,Brit Care,128,7.887244243525709
2024-12-06,Perro Coco,Brit Care,452,58.09415028052388
2024-12-06,Gato Simba,Pedigri,297,44.26374492535164
2024-12-07,Perro Max,Beneful,368,34.29829653547782
2024-12-07,Gato Luna,Pedigri,441,25.02686230875655
2024-12-07,Perro Coco,Pedigri,251,17.05205351850648
2024-12-07,Gato Simba,Beneful,107,6.562347500583868
2024-12-08,Perro Max,Beneful,218,26.985892669394413
2024-12-08,Gato Luna,Beneful,474,33.39048320520852
2024-12-08,Perro Coco,Pedigri,253,14.523268113182406
2024-12-08,Gato Simba,Brit Care,315,32.028883082536986
2024-12-09,Perro Max,Brit Care,257,29.059002108780774
2024-12-09,Gato Luna,Beneful,215,31.573552631547685
2024-12-09,Perro Coco,Brit Care,488,28.156597992770358
2024-12-09,Gato Simba,Pedigri,279,15.856521525192358
2024-12-10,Perro Max,Pedigri,487,58.23533716182017
2024-12-10,Gato Luna,Brit Care,133,7.874866867997602
2024-12-10,Perro Coco,Beneful,463,52.85755737870652
2024-12-10,Gato Simba,Beneful,372,32.48526509801463
2024-12-11,Perro Max,Brit Care,315,29.946623960575764
2024-12-11,Gato Luna,Beneful,282,28.926325391567605
2024-12-11,Perro Coco,Brit Care,307,41.939135951878924
2024-12-11,Gato Simba,Pedigri,132,7.997956618129601
2024-12-12,Perro Max,Beneful,358,51.721558064434255
2024-12-12,Gato Luna,Beneful,484,66.93690112176101
2024-12-12,Perro Coco,Brit Care,297,32.30130037194924
2024-12-12,Gato Simba,Beneful,463,54.63918029619483
2024-12-13,Perro Max,Pedigri,418,37.01864483778409
2024-12-13,Gato Luna,Brit Care,354,36.886448651097716
2024-12-13,Perro Coco,Brit Care,434,31.268992296741402
2024-12-13,Gato Simba,Pedigri,286,31.953321996273555
2024-12-14,Perro Max,Beneful,225,26.212376615349907
2024-12-14,Gato Luna,Beneful,419,52.07436644857465
2024-12-14,Perro Coco,Beneful,468,65.05466879177382
2024-12-14,Gato Simba,Pedigri,176,23.00653201072491
2024-12-15,Perro Max,Brit Care,320,42.152073963738275
2024-12-15,Gato Luna,Brit Care,122,11.448296756375287
2024-12-15,Perro Coco,Brit Care,297,21.656406951060617
2024-12-15,Gato Simba,Brit Care,426,49.87077738128706
2024-12-16,Perro Max,Beneful,261,18.375043775776906
2024-12-16,Gato Luna,Brit Care,418,55.10784787891989
2024-12-16,Perro Coco,Brit Care,485,24.916659369550246
2024-12-16,Gato Simba,Brit Care,274,19.57473763401271
2024-12-17,Perro Max,Pedigri,348,26.015080005740046
2024-12-17,Gato Luna,Brit Care,110,10.172486834675581
2024-12-17,Perro Coco,Beneful,363,39.82457645777793
2024-12-17,Gato Simba,Beneful,143,20.756317155528055
2024-12-18,Perro Max,Beneful,387,50.506995325782135
2024-12-18,Gato Luna,Brit Care,213,30.516733823227813
2024-12-18,Perro Coco,Pedigri,223,20.013093898849743
2024-12-18,Gato Simba,Beneful,370,27.874215292207474
2024-12-19,Perro Max,Brit Care,287,22.715927764510848
2024-12-19,Gato Luna,Beneful,258,36.65577849835462
2024-12-19,Perro Coco,Beneful,156,16.19797831478913
2024-12-19,Gato Simba,Pedigri,493,42.81453175188734
2024-12-20,Perro Max,Beneful,86,10.031582208730788
2024-12-20,Gato Luna,Brit Care,390,35.542239193466614
2024-12-20,Perro Coco,Beneful,412,46.883715622611234
2024-12-20,Gato Simba,Beneful,217,20.453237671479975
2024-12-21,Perro Max,Brit Care,86,11.042291284728455
2024-12-21,Gato Luna,Beneful,403,40.30322876634478
2024-12-21,Perro Coco,Brit Care,235,12.26496322621271
2024-12-21,Gato Simba,Beneful,305,27.682802168379503
2024-12-22,Perro Max,Brit Care,359,18.966374751055774
2024-12-22,Gato Luna,Brit Care,178,22.50704495974398
2024-12-22,Perro Coco,Beneful,471,54.40868195409632
2024-12-22,Gato Simba,Pedigri,151,9.95833316437451
2024-12-23,Perro Max,Pedigri,182,23.414707359513415
2024-12-23,Gato Luna,Pedigri,291,40.20719680464608
2024-12-23,Perro Coco,Pedigri,352,41.71672770758184
2024-12-23,Gato Simba,Brit Care,118,5.993979975996324
2024-12-24,Perro Max,Brit Care,361,38.027024781953486
2024-12-24,Gato Luna,Pedigri,326,40.50650515059774
2024-12-24,Perro Coco,Beneful,101,13.863621605723036
2024-12-24,Gato Simba,Pedigri,360,25.778164184811587
2024-12-25,Perro Max,Brit Care,401,51.5829450957654
2024-12-25,Gato Luna,Beneful,226,22.727331867336268
2024-12-25,Perro Coco,Brit Care,385,52.98829817597899
2024-12-25,Gato Simba,Pedigri,366,32.67394520373384
2024-12-26,Perro Max,Brit Care,158,15.849493066314333
2024-12-26,Gato Luna,Beneful,474,64.40791495337054
2024-12-26,Perro Coco,Beneful,136,18.195553897984524
2024-12-26,Gato Simba,Brit Care,463,43.48545083786191
2024-12-27,Perro Max,Beneful,334,32.03692040666756
2024-12-27,Gato Luna,Brit Care,190,23.21665532279791
2024-12-27,Perro Coco,Brit Care,161,9.942575932418542
2024-12-27,Gato Simba,Pedigri,296,14.85896720248448
2024-12-28,Perro Max,Beneful,183,23.596609153771997
2024-12-28,Gato Luna,Beneful,199,20.723255242129646
2024-12-28,Perro Coco,Beneful,258,23.58638387975322
2024-12-28,Gato Simba,Beneful,171,14.608039695414387
2024-12-29,Perro Max,Brit Care,469,29.003665337351205
2024-12-29,Gato Luna,Beneful,77,6.244719209441637
2024-12-29,Perro Coco,Brit Care,296,22.014392682720516
2024-12-29,Gato Simba,Brit Care,196,16.379207127565568
2024-12-30,Perro Max,Beneful,461,49.415152597512694
2024-12-30,Gato Luna,Brit Care,186,17.03341692553379
2024-12-30,Perro Coco,Beneful,68,8.017053752658684
2024-12-30,Gato Simba,Brit Care,498,35.04262346107971
2024-12-31,Perro Max,Beneful,190,26.0400123591183
2024-12-31,Gato Luna,Beneful,142,14.661557743106941
2024-12-31,Perro Coco,Pedigri,97,10.72468752643709
2024-12-31,Gato Simba,Pedigri,462,43.386215114588275
